	model_size	nodes	bs	mb	num_tokens	mode	cp_size	pp_size	ratio	tbs	dataset	num_samples	average_duration	sample_0	sample_1	sample_2	sample_3	sample_4	sample_5	sample_6	sample_7	sample_8	sample_9	sample_10	sample_11	sample_12	sample_13	sample_14	sample_15	sample_16	sample_17	sample_18	sample_19	sample_20	sample_21	sample_22	sample_23	sample_24	sample_25	sample_26	sample_27	sample_28	sample_29
10	34b	32	4.0	1	524288	wlbllm_perseq	4	1	1.0	4.0	wlbllm	30	82989.55993652344	83000.13971328735	83887.9759311676	82776.62539482117	81543.64943504333	83164.56532478333	82412.23812103271	81853.9309501648	83232.25951194763	83196.80213928223	83158.71620178223	83757.62128829956	83212.6727104187	83192.97742843628	83152.84967422485	83204.72598075867	82821.78711891174	83199.30744171143	83224.83468055725	83128.5662651062	82985.90755462646	83148.75674247742	83134.18102264404	83122.77698516846	83173.56991767883	82494.98248100281	83159.71827507019	83219.13695335388	81864.00628089905	83114.12644386292	83147.390127182
11	34b	32	4.0	1	524288	d2	1	1	1.0	4.0	wlbllm	30	45106.589206059776	54487.056493759155	35238.15822601318	31712.647438049316	33381.98900222778	51231.94217681885	40998.653173446655	37840.62385559082	40154.8285484314	47260.629653930664	54667.47236251831	62974.62511062622	47688.96150588989	31186.91372871399	32941.01667404175	58859.609603881836	44982.380628585815	45024.74617958069	48155.14063835144	40728.358030319214	43430.47618865967	57896.949768066406	46307.68036842346	55460.82353591919	55563.44032287598	46838.20056915283	52171.58794403076	36620.27192115784	28338.16957473755	43298.90251159668	47755.420446395874
47	34b	32	4.0	1	524288	d2	1	1	1.0	4.0	prolong	30	24970.72627544403	46605.29804229736	43263.82374763489	51203.32431793213	42047.34110832214	56365.96894264221	57324.923038482666	49437.636852264404	52642.57526397705	44300.687313079834	46089.786529541016	47085.38269996643	16908.302307128906	11005.074262619019	11223.08897972107	10588.215589523315	11014.254093170166	10746.774911880493	10882.277011871338	11024.249792098999	10708.444595336914	10699.58233833313	11196.164608001709	11343.355655670166	10646.058082580566	10525.414943695068	10904.055833816528	11392.63129234314	10680.018186569214	10577.544212341309	10689.533710479736
61	34b	32	4.0	1	524288	d2	1	1	1.0	4.0	prolong	30	24957.788014411926	46267.70353317261	43645.35140991211	51370.455741882324	41481.70208930969	56235.25309562683	57134.14025306702	49438.64607810974	52991.22643470764	44610.32938957214	45927.20866203308	46956.98428153992	16951.290607452393	10986.326932907104	11228.945016860962	10621.1256980896	10939.138650894165	10764.736413955688	10878.039121627808	11048.623323440552	10715.149402618408	10735.681056976318	11143.157005310059	11292.266607284546	10661.282062530518	10532.003164291382	10913.012504577637	11359.259605407715	10680.552244186401	10575.897455215454	10648.152589797974
13	34b	32	2.0	1	524288	wlbllm_perseq	16	1	0.5	2.0	wlbllm	30	39489.45232232412	39015.29884338379	49465.439319610596	42127.899169921875	42387.67957687378	9192.431926727295	46336.628675460815	27287.66942024231	48420.167207717896	41415.80319404602	30643.760204315186	46467.28205680847	39124.70197677612	50668.70141029358	31945.52969932556	30759.11235809326	41114.62950706482	42482.415199279785	42967.822551727295	43260.88261604309	42371.46520614624	42482.31291770935	43044.40712928772	48189.28408622742	35395.61319351196	9559.883117675781	44208.95338058472	42887.12000846863	36629.268169403076	48337.804079055786	46493.603467941284
14	34b	32	2.0	1	524288	wlbllm_perseq	8	1	0.5	2.0	wlbllm	30	39175.96836884817	41135.61201095581	43628.39865684509	41384.04321670532	41389.22834396362	8603.308916091919	40972.92613983154	40547.47772216797	40832.66282081604	41470.755100250244	41149.940490722656	41176.0036945343	41325.374126434326	40822.49665260315	40931.05912208557	40970.476150512695	41397.96948432922	41366.974115371704	41414.79158401489	41397.67670631409	41414.53194618225	41390.6033039093	41654.01816368103	41393.53609085083	40961.010694503784	9115.917682647705	41359.96460914612	41383.689880371094	40977.872133255005	41433.900594711304	42276.83091163635
12	34b	32	2.0	1	524288	wlbllm_perseq	32	1	0.5	2.0	wlbllm	30	38064.41864172617	39457.478523254395	42417.37675666809	41522.51577377319	41943.03560256958	10549.90005493164	39710.23392677307	28657.52601623535	34939.337730407715	42290.68660736084	31292.649745941162	40278.39398384094	39718.87826919556	42162.575244903564	32696.335792541504	42309.096574783325	41352.922677993774	42283.16640853882	41908.851623535156	42251.776933670044	42146.72660827637	42765.68794250488	41970.83401679993	41573.31347465515	37276.67236328125	10843.592882156372	42215.972661972046	41393.651723861694	39476.32193565369	42216.073989868164	42310.97340583801
63	34b	32	2.0	1	524288	wlbllm_perseq	16	1	0.5	2.0	prolong	30	32698.792179425556	38416.16940498352	42472.21779823303	38430.0901889801	33892.507553100586	37042.69599914551	46960.28256416321	29372.371196746826	45301.509618759155	46944.50497627258	54263.92674446106	42493.25370788574	48510.125160217285	48077.826261520386	46900.38013458252	42719.99406814575	39370.20516395569	45349.21360015869	37950.83236694336	34704.89311218262	32154.074907302856	31219.9125289917	44249.32289123535	22408.40792655945	6901.135683059692	6434.690237045288	9028.607368469238	6950.556516647339	9019.697904586792	6412.899494171143	7011.460304260254
49	34b	32	2.0	1	524288	wlbllm_perseq	16	1	0.5	2.0	prolong	30	32694.959076245625	38385.990858078	42404.4189453125	38364.45689201355	33857.44786262512	37089.22028541565	46977.290391922	29517.764568328857	45372.59364128113	47038.9199256897	53658.24913978577	42380.32579421997	48201.274156570435	47775.370836257935	46413.99121284485	42718.04332733154	39373.35753440857	45254.49752807617	37977.40840911865	34777.73690223694	32198.679208755493	31382.521629333496	44163.86032104492	22521.124839782715	6906.311988830566	6444.836378097534	9053.638935089111	6920.414686203003	9027.208089828491	6393.292665481567	8298.525333404541
64	34b	32	2.0	1	524288	wlbllm_perseq	8	1	0.5	2.0	prolong	30	32071.197867393494	41164.97039794922	40626.75428390503	41291.566610336304	35723.19746017456	39977.89216041565	41330.49750328064	35842.23961830139	41071.65193557739	41212.25571632385	41348.90031814575	41330.92665672302	41172.88160324097	40185.232400894165	41193.90773773193	40662.12344169617	41366.42336845398	39194.2343711853	38901.76248550415	41227.63919830322	41215.83008766174	37443.010091781616	41235.275983810425	29473.198890686035	6380.793571472168	5885.720491409302	8509.584426879883	6391.0346031188965	8498.363018035889	5879.76336479187	6398.304224014282
62	34b	32	2.0	1	524288	wlbllm_perseq	32	1	0.5	2.0	prolong	30	30472.91157245636	38405.65991401672	42248.47722053528	39422.385692596436	42051.780223846436	32832.106828689575	36776.156425476074	27872.21884727478	36896.70825004578	36744.86064910889	41256.452560424805	41261.621713638306	42203.75847816467	35797.46150970459	50065.26565551758	40706.713914871216	36070.58358192444	35935.6734752655	35732.9957485199	35604.51126098633	33085.40177345276	28640.491724014282	41996.031284332275	24358.63757133484	7957.6921463012695	7621.088743209839	9430.89747428894	8196.163177490234	9356.741905212402	7452.4171352386475	8206.392288208008
48	34b	32	2.0	1	524288	wlbllm_perseq	32	1	0.5	2.0	prolong	30	30221.704443295795	38618.762493133545	42330.60622215271	39249.06635284424	41929.139852523804	32802.1674156189	36849.361419677734	27880.7315826416	36972.81837463379	36864.00246620178	41279.18457984924	41155.837535858154	42394.564390182495	35856.508016586304	41984.0190410614	40606.910705566406	35962.11934089661	36031.85486793518	35611.23609542847	35651.352405548096	33155.3156375885	28851.4404296875	42040.717124938965	24278.64170074463	7965.047836303711	7665.719270706177	9474.750280380249	8195.166826248169	9372.948408126831	7432.679653167725	8188.462972640991
24	34b	32	2.0	1	524288	wlbllm	8	1	0.5	2.0	wlbllm	30	35245.6309000651	39616.83654785156	41658.966064453125	40915.05551338196	41007.21740722656	8347.070932388306	39367.90728569031	21766.026735305786	29037.033557891846	40986.22179031372	24213.7188911438	37706.00247383118	38106.79531097412	34935.70590019226	27538.59043121338	25309.887886047363	40988.30986022949	40957.17000961304	40942.6326751709	40996.80781364441	40944.8504447937	40963.141679763794	40954.16450500488	40941.87068939209	31772.17435836792	8006.926536560059	40930.55748939514	40946.2411403656	35570.33395767212	40980.377435684204	40960.3316783905
74	34b	32	2.0	1	524288	wlbllm	8	1	0.5	2.0	prolong	30	24689.85297679901	34601.02725028992	40448.80175590515	24687.09921836853	23746.451139450073	25475.375175476074	31839.218854904175	19515.730619430542	32835.8428478241	31884.591579437256	38966.307401657104	38984.3647480011	33411.78321838379	30255.713939666748	37616.03784561157	37691.9310092926	30812.395334243774	30081.243753433228	30173.786640167236	30147.77946472168	22771.018743515015	20503.99684906006	34064.494371414185	16149.052381515503	6154.685020446777	6043.707370758057	6624.473333358765	6258.369922637939	6626.739025115967	6151.404857635498	6172.165632247925
23	34b	32	2.0	1	524288	wlbllm	16	1	0.5	2.0	wlbllm	30	24555.300800005596	24340.807914733887	33371.11282348633	24825.611352920532	25007.455587387085	9247.398614883423	24427.92773246765	15536.367654800415	25141.279935836792	35161.66400909424	18373.13413619995	24026.746034622192	23720.00503540039	24032.62209892273	18615.274667739868	19678.45058441162	24836.21621131897	26567.460298538208	24888.957023620605	32724.736213684082	25354.42042350769	31917.554140090942	33953.25708389282	27472.33486175537	21180.524349212646	8694.799900054932	24881.126165390015	24751.0769367218	22380.948543548584	30453.74631881714	31096.007347106934
73	34b	32	2.0	1	524288	wlbllm	16	1	0.5	2.0	prolong	30	20804.69678243001	23254.395961761475	27546.181201934814	23648.831367492676	21535.66288948059	20581.124305725098	32331.15267753601	19644.874572753906	25350.5961894989	32391.030311584473	26777.857303619385	32038.1178855896	25993.164777755737	25345.701456069946	25885.3497505188	27797.85704612732	27058.424711227417	24278.009176254272	22298.309326171875	25317.073583602905	22449.305772781372	20445.63388824463	27576.995849609375	13170.726537704468	7247.84517288208	7112.200021743774	7605.043172836304	7272.78470993042	7604.467868804932	7056.274652481079	7525.911331176758
65	34b	32	2.0	1	524288	d2	1	1	0.5	2.0	prolong	30	20062.47223218282	21911.26251220703	25104.579210281372	23280.02905845642	21245.848655700684	20107.24425315857	32509.38606262207	18789.249181747437	23424.227952957153	31338.314533233643	26833.728313446045	35417.20914840698	26654.517650604248	25269.229650497437	25307.91664123535	26213.81425857544	27640.937089920044	23477.286100387573	22565.959930419922	24912.900686264038	22507.23648071289	19834.37967300415	27011.093139648438	11190.910339355469	5460.283279418945	5334.720611572266	6075.015306472778	5609.3103885650635	6078.377246856689	5294.046401977539	5475.153207778931
15	34b	32	2.0	1	524288	d2	1	1	0.5	2.0	wlbllm	7	19839.349269866943	23620.04518508911	34607.455253601074	19388.136625289917	16783.80537033081	7667.571067810059	25077.419757843018	11731.011629104614																							
5	34b	32	4.0	1	262144	wlbllm_perseq	32	1	1.0	4.0	wlbllm	30	24100.964482625324	24759.818077087402	24589.027881622314	21825.96230506897	21280.35068511963	24034.855842590332	22842.910528182983	24629.509925842285	24618.021249771118	24568.546533584595	24699.959993362427	24629.832983016968	24580.625534057617	23817.44623184204	24922.779321670532	24748.554706573486	24715.121269226074	24602.94461250305	24655.047178268433	24660.26520729065	24196.921348571777	24609.535694122314	24479.196786880493	24464.683055877686	24561.327934265137	24578.686475753784	24272.54819869995	24624.4375705719	19712.133646011353	23825.169563293457	24522.714138031006
6	34b	32	4.0	1	262144	wlbllm_perseq	16	1	1.0	4.0	wlbllm	30	23981.58305486043	27009.292364120483	23429.967403411865	20600.972890853882	18554.364919662476	23736.19842529297	20829.095363616943	20864.227056503296	22976.35841369629	25061.848640441895	26404.9551486969	28960.026025772095	23146.990537643433	22837.640285491943	22867.570400238037	31182.106256484985	22946.172952651978	23200.498342514038	23239.872694015503	23077.670335769653	20808.31265449524	30322.061777114868	23024.19638633728	29786.783695220947	26852.93698310852	20886.12198829651	29273.025512695312	22910.53819656372	18557.38592147827	22942.811250686646	23157.48882293701
7	34b	32	4.0	1	262144	wlbllm_perseq	8	1	1.0	4.0	wlbllm	30	23609.51430797577	26099.73978996277	23805.490970611572	20189.33916091919	18033.934354782104	23314.70227241516	20522.887229919434	20362.682819366455	22823.835849761963	24370.969533920288	24878.228187561035	23829.065799713135	24682.079076766968	22412.69850730896	22805.233478546143	26388.638496398926	23009.280920028687	23417.60778427124	23013.633728027344	22477.381229400635	24341.86315536499	26517.699241638184	22499.333143234253	26146.55303955078	26386.55138015747	32170.982360839844	26632.314920425415	22797.25742340088	18061.564445495605	22871.936559677124	23421.94437980652
8	34b	32	4.0	1	262144	wlbllm_perseq	4	1	1.0	4.0	wlbllm	30	23523.31428527832	23580.241918563843	23941.110849380493	23741.96982383728	22838.05012702942	23611.511945724487	23196.36821746826	23025.566339492798	23637.609720230103	23615.88144302368	23601.786851882935	23598.96469116211	23637.369632720947	23601.83358192444	23627.70938873291	23597.24259376526	23622.774600982666	23599.552154541016	23625.839471817017	23641.064882278442	23234.80224609375	23584.45644378662	23631.28614425659	23623.759031295776	23625.408172607422	23458.943843841553	23457.366466522217	23592.830419540405	22962.815284729004	23589.8916721344	23595.420598983765
42	34b	32	4.0	1	262144	wlbllm_perseq	32	1	1.0	4.0	prolong	30	16467.08237330119	24412.26291656494	24631.741762161255	24702.516794204712	19090.738773345947	23744.40360069275	24536.40651702881	19297.663688659668	23635.215520858765	24101.51505470276	24569.368839263916	24621.173858642578	24513.798713684082	23283.66994857788	20955.369472503662	24663.549661636353	23375.29730796814	7944.40221786499	7687.134265899658	9321.971893310547	10155.126333236694	9729.544162750244	7839.329957962036	7959.933757781982	8193.015336990356	8358.634233474731	9200.669527053833	8073.076009750366	7972.747325897217	9277.78935432434	8164.404392242432
31	34b	32	4.0	1	262144	wlbllm_perseq	32	1	1.0	4.0	prolong	30	16463.99728457133	24526.49450302124	24671.83780670166	24697.924852371216	19073.989868164062	23805.40704727173	24530.35068511963	19319.584369659424	23554.178476333618	24129.977226257324	24539.894104003906	24606.055974960327	24458.106517791748	23302.29353904724	20920.695781707764	24662.92953491211	23441.55788421631	7924.914360046387	7663.529634475708	9292.96326637268	10107.775926589966	9675.685167312622	7801.067113876343	7953.274726867676	8250.121116638184	8358.807802200317	9217.819452285767	8082.321643829346	7958.416700363159	9221.146583557129	8170.796871185303
56	34b	32	4.0	1	262144	wlbllm_perseq	32	1	1.0	4.0	prolong	30	16451.611773173016	24383.005380630493	24608.5307598114	24716.153383255005	19100.202560424805	23735.59856414795	24491.408586502075	19303.370237350464	23593.833208084106	24067.678928375244	24527.78196334839	24568.67814064026	24517.70782470703	23264.134407043457	20877.604484558105	24648.27799797058	23354.26378250122	7942.225933074951	7688.391923904419	9336.545705795288	10113.449335098267	9715.938806533813	7851.358413696289	7963.000297546387	8259.107112884521	8367.066860198975	9196.308374404907	8046.026229858398	7944.5624351501465	9230.58032989502	8135.561227798462
43	34b	32	4.0	1	262144	wlbllm_perseq	16	1	1.0	4.0	prolong	30	16246.596185366312	23734.060764312744	24122.18165397644	25480.746507644653	19439.821481704712	24404.016494750977	30480.81922531128	20410.14790534973	26233.95299911499	23068.478107452393	23566.834211349487	27665.829181671143	25792.8569316864	23168.654441833496	22673.659563064575	25230.52167892456	20288.679838180542	6977.532386779785	6504.524230957031	7486.141681671143	7487.459182739258	9001.57117843628	6818.102598190308	6906.506538391113	6898.4246253967285	6894.379138946533	7425.755262374878	6734.504222869873	6983.769416809082	8610.844135284424	6907.109975814819
32	34b	32	4.0	1	262144	wlbllm_perseq	16	1	1.0	4.0	prolong	30	16238.670229911804	23743.601322174072	24041.640043258667	25375.168085098267	19394.477367401123	24293.806791305542	30266.858339309692	20425.130605697632	26254.714012145996	23004.31251525879	24163.350343704224	27634.371519088745	25752.015352249146	23201.578855514526	22780.69543838501	25236.81926727295	20232.6340675354	6968.953609466553	6471.183300018311	7439.987421035767	7436.874628067017	8954.96153831482	6812.814235687256	6907.867193222046	6885.395050048828	6884.268283843994	7440.358400344849	6730.3290367126465	6978.762865066528	8558.57515335083	6888.602256774902
57	34b	32	4.0	1	262144	wlbllm_perseq	16	1	1.0	4.0	prolong	30	16221.657411257425	23772.94397354126	24080.233573913574	25421.58007621765	19408.079862594604	24305.431365966797	30347.27954864502	20323.66895675659	26185.49871444702	23011.173486709595	23571.943044662476	27540.825128555298	25703.452348709106	23165.579557418823	22676.406860351562	25172.10602760315	20282.971620559692	6975.985288619995	6482.759475708008	7486.327171325684	7469.695091247559	9012.155055999756	6815.943479537964	6931.8578243255615	6910.107612609863	6911.636590957642	7378.920078277588	6745.323896408081	7013.286113739014	8626.277685165405	6920.2728271484375
33	34b	32	4.0	1	262144	wlbllm_perseq	8	1	1.0	4.0	prolong	30	15956.74934387207	23760.258197784424	24341.114044189453	26264.312267303467	19480.5850982666	23809.030771255493	29599.07555580139	20944.570302963257	24343.99366378784	21421.898126602173	22878.193616867065	24117.90442466736	26385.971546173096	21546.32878303528	21966.033458709717	26200.851678848267	19782.56893157959	15103.613138198853	5864.036560058594	6846.712350845337	6793.67208480835	8432.932138442993	6310.5833530426025	6382.786512374878	6382.793664932251	6362.813711166382	6502.2430419921875	6133.091688156128	6344.91491317749	8027.279615402222	6372.31707572937
44	34b	32	4.0	1	262144	wlbllm_perseq	8	1	1.0	4.0	prolong	30	15701.482955614725	23798.428058624268	24369.40574645996	26480.456590652466	19402.143716812134	23891.393423080444	29595.886945724487	20842.114210128784	24362.807273864746	21490.641355514526	22880.27787208557	24361.091136932373	26579.17284965515	21503.884315490723	21953.850746154785	26223.83403778076	19835.861682891846	6399.808645248413	5877.663373947144	6853.581428527832	6825.4148960113525	8479.976177215576	6300.586462020874	6407.257080078125	6396.034240722656	6381.940841674805	6545.761346817017	6150.339841842651	6386.912822723389	8075.869560241699	6392.091989517212
58	34b	32	4.0	1	262144	wlbllm_perseq	8	1	1.0	4.0	prolong	30	15689.527297019958	23842.43941307068	24320.655584335327	26474.135637283325	19433.861017227173	23677.16073989868	29669.286727905273	20875.484943389893	24355.45539855957	21415.637969970703	22881.189823150635	24121.474266052246	26449.77593421936	21436.651706695557	21940.6795501709	26348.706007003784	19881.998300552368	6391.49808883667	5886.3770961761475	6865.443468093872	6828.038930892944	8478.248596191406	6308.889150619507	6395.912170410156	6402.2393226623535	6408.063650131226	6558.568477630615	6157.698631286621	6389.475345611572	8092.586040496826	6398.186922073364
45	34b	32	4.0	1	262144	wlbllm_perseq	4	1	1.0	4.0	prolong	30	15470.438845952352	23504.66775894165	23901.36432647705	23666.64981842041	22785.327196121216	23239.75372314453	23641.821146011353	23443.997621536255	22626.512050628662	23532.22131729126	23430.3081035614	23626.310110092163	23654.693603515625	23447.876691818237	23496.623039245605	23514.777421951294	22979.938983917236	6108.610391616821	5643.163442611694	6569.965362548828	6525.167942047119	8245.761632919312	6009.291410446167	6116.13917350769	6111.839056015015	6122.63822555542	6201.5135288238525	5876.266241073608	6119.855880737305	7840.484380722046	6129.6257972717285
59	34b	32	4.0	1	262144	wlbllm_perseq	4	1	1.0	4.0	prolong	30	15444.78972752889	23388.922452926636	23842.094898223877	23594.845056533813	22896.758317947388	23240.00906944275	23542.123794555664	23398.114919662476	22547.459363937378	23459.700107574463	23409.300804138184	23563.01522254944	23555.70650100708	23433.42900276184	23449.615716934204	23523.41365814209	22912.893772125244	6115.567207336426	5637.813568115234	6574.071645736694	6511.884450912476	8218.040943145752	6012.144565582275	6115.795135498047	6121.918201446533	6125.516653060913	6198.457479476929	5887.726545333862	6128.925561904907	7812.462568283081	6125.964641571045
34	34b	32	4.0	1	262144	wlbllm_perseq	4	1	1.0	4.0	prolong	30	15441.702771186829	23350.795030593872	23897.135496139526	23616.891860961914	22872.880935668945	23178.614139556885	23563.380241394043	23466.644048690796	22602.774620056152	23527.199268341064	23421.480417251587	23624.823808670044	23639.249563217163	23348.72579574585	23436.34819984436	23518.178701400757	22937.636613845825	6106.577396392822	5604.025840759277	6539.396286010742	6478.055000305176	8209.603548049927	5980.86404800415	6097.686290740967	6099.226474761963	6109.939813613892	6164.5331382751465	5860.850095748901	6113.179445266724	7781.075477600098	6103.311538696289
22	34b	32	4.0	1	262144	wlbllm	4	1	1.0	4.0	wlbllm	30	22381.15900357564	23007.071495056152	23137.01581954956	22887.661695480347	17194.14234161377	23029.115676879883	21956.369876861572	20169.378757476807	23256.892919540405	23055.828094482422	23167.048454284668	23060.734272003174	23038.09666633606	23084.93995666504	23054.27122116089	23064.114332199097	23057.26456642151	23056.277990341187	23040.391445159912	23068.081855773926	22034.98888015747	23043.638944625854	23052.441596984863	23070.942878723145	23043.168306350708	21382.137298583984	22585.682153701782	23045.68123817444	15680.339336395264	23075.167417526245	23035.884618759155
21	34b	32	4.0	1	262144	wlbllm	8	1	1.0	4.0	wlbllm	30	15499.296116828918	17422.820329666138	15415.666341781616	14654.819250106812	12023.993015289307	16569.909811019897	14541.887044906616	13976.165771484375	14919.172048568726	15081.535577774048	16889.008045196533	19446.847677230835	15127.296686172485	14911.43822669983	14904.889345169067	17866.201639175415	15009.110450744629	15148.298025131226	15140.899419784546	14953.173875808716	14535.120964050293	18155.027389526367	15011.630773544312	17646.67797088623	17460.224628448486	15229.088544845581	16027.377605438232	14934.182167053223	11417.169094085693	14932.659387588501	15626.59239768982
20	34b	32	4.0	1	262144	wlbllm	16	1	1.0	4.0	wlbllm	30	14994.332687060038	17083.125352859497	13406.23950958252	11852.171659469604	12361.687183380127	16096.018075942993	14414.602041244507	13234.183073043823	13953.698873519897	15537.22357749939	17250.184297561646	19030.153274536133	15170.932054519653	11958.415746688843	11995.8176612854	18177.45041847229	14607.48839378357	15163.902521133423	15596.795320510864	14086.0755443573	14600.417613983154	18038.9564037323	15216.672420501709	17477.380990982056	17505.181074142456	15191.063165664673	16676.800966262817	12925.513982772827	11100.198984146118	14606.558799743652	15515.071630477905
72	34b	32	4.0	1	262144	wlbllm	4	1	1.0	4.0	prolong	30	13575.948651631674	21080.528020858765	21529.89363670349	23015.480756759644	15281.927585601807	21102.50163078308	23051.48458480835	15685.144901275635	22062.68072128296	19862.142086029053	19845.5171585083	23083.13226699829	23034.61480140686	17190.603733062744	17365.010499954224	20820.36018371582	21168.50447654724	5716.159343719482	5538.853168487549	6051.578044891357	6012.419939041138	6516.753673553467	5619.016885757446	5734.782695770264	5721.0869789123535	5766.743421554565	5946.805715560913	5606.105327606201	5723.271131515503	6394.344806671143	5751.011371612549
70	34b	32	4.0	1	262144	wlbllm	16	1	1.0	4.0	prolong	30	12165.570481618246	15195.865392684937	17076.15351676941	18370.32961845398	14298.071384429932	16620.87893486023	18751.04546546936	15833.980321884155	18032.639741897583	15812.798023223877	16866.40501022339	17546.47994041443	17192.550897598267	15171.60177230835	15405.033349990845	17081.407070159912	13263.180017471313	7279.81162071228	7138.56053352356	7427.987098693848	7354.148149490356	7578.516721725464	7136.476516723633	7186.23423576355	7521.172285079956	7260.421276092529	7389.665603637695	7203.539133071899	7255.205154418945	7521.351099014282	7195.604562759399
71	34b	32	4.0	1	262144	wlbllm	8	1	1.0	4.0	prolong	30	11642.119447390238	15954.352855682373	17302.682161331177	17893.248796463013	14229.127407073975	16607.489347457886	18565.68193435669	15663.468837738037	17776.68285369873	15517.019510269165	17152.148962020874	17699.82147216797	16705.86919784546	14522.617816925049	14918.283224105835	16990.66710472107	14182.86919593811	6337.704658508301	6040.996074676514	6356.3549518585205	6353.534936904907	6617.703914642334	6100.022792816162	6170.876741409302	6165.3289794921875	6212.080240249634	6293.542146682739	6087.33057975769	6132.13586807251	6548.529386520386	6165.411472320557
9	34b	32	4.0	1	262144	d2	1	1	1.0	4.0	wlbllm	30	14099.820852279663	16518.39828491211	11724.608421325684	10600.902080535889	11144.070148468018	15548.522472381592	12966.635942459106	12155.815601348877	12901.042938232422	14591.691732406616	16385.855436325073	18637.659549713135	14384.027481079102	10583.634853363037	11114.843606948853	17722.793340682983	13846.92931175232	14025.90274810791	14984.652996063232	13194.401979446411	13607.353210449219	17184.306621551514	14450.203657150269	16626.002073287964	16963.970184326172	14600.852727890015	15945.259809494019	12153.575658798218	9868.40009689331	14020.662069320679	14541.650533676147
46	34b	32	4.0	1	262144	d2	1	1	1.0	4.0	prolong	30	10974.579032262167	14392.23027229309	15956.89058303833	17392.162799835205	13478.758096694946	16096.40121459961	18538.98596763611	14757.103681564331	17536.20672225952	14916.820764541626	16216.967821121216	17078.240394592285	16335.476160049438	14322.984457015991	14549.671173095703	16544.692754745483	12145.427942276001	5475.255250930786	5351.145267486572	6025.730609893799	6137.159109115601	5934.76128578186	5515.875816345215	5439.66007232666	5433.271884918213	5574.641466140747	5616.894245147705	5492.111682891846	5580.199956893921	5754.081726074219	5647.56178855896
60	34b	32	4.0	1	262144	d2	1	1	1.0	4.0	prolong	30	10955.686887105307	14397.401094436646	15977.915048599243	17493.022918701172	13392.71330833435	16042.948246002197	18359.838247299194	14805.257320404053	17519.694089889526	14851.98998451233	16224.213361740112	16966.838836669922	16287.879943847656	14348.089456558228	14525.71177482605	16538.618087768555	12072.08251953125	5488.622665405273	5344.179153442383	6040.852069854736	6123.83508682251	5887.135744094849	5521.16847038269	5453.108549118042	5437.604665756226	5556.812524795532	5604.304313659668	5510.380506515503	5557.424783706665	5736.799716949463	5604.164123535156
35	34b	32	4.0	1	262144	d2	1	1	1.0	4.0	prolong	30	10949.298365910849	14372.18976020813	15961.565017700195	17375.64754486084	13460.118293762207	15951.003789901733	18406.6059589386	14746.175765991211	17503.48949432373	14935.169219970703	16248.50845336914	16902.21095085144	16330.340147018433	14276.487827301025	14453.18603515625	16508.716821670532	12146.515130996704	5471.353769302368	5343.348264694214	6016.669750213623	6125.964164733887	5917.4675941467285	5507.792711257935	5446.46692276001	5429.071664810181	5580.252885818481	5591.4306640625	5475.440502166748	5592.236757278442	5755.66840171814	5647.856712341309
0	34b	32	8.0	1	131072	wlbllm_perseq	32	1	2.0	8.0	wlbllm	30	15823.348752657572	15887.434244155884	14616.30392074585	15917.487621307373	16058.50338935852	16022.488594055176	15916.89658164978	15076.040506362915	15951.254606246948	15981.293678283691	15878.806352615356	15490.42820930481	16018.232107162476	15838.704109191895	15904.232501983643	15874.320983886719	15934.140682220459	15970.684051513672	15735.742092132568	15965.634822845459	15854.101181030273	15096.170425415039	15832.645177841187	15808.037996292114	15948.172330856323	15828.219413757324	15941.693782806396	15943.609714508057	16469.520807266235	15964.684963226318	15974.977731704712
4	34b	32	8.0	1	131072	wlbllm_perseq	2	1	2.0	8.0	wlbllm	30	15245.35346031189	15281.480312347412	15452.125787734985	15235.00919342041	15190.959930419922	15262.963771820068	15239.29500579834	15241.740942001343	15268.056392669678	15261.10863685608	15170.74990272522	15250.07438659668	15277.19521522522	15028.360843658447	15197.359800338745	15249.113321304321	15257.585048675537	15236.714839935303	15224.15828704834	15249.92322921753	15281.893014907837	15249.217748641968	15272.989273071289	15212.21947669983	15241.358280181885	15262.970447540283	15241.05715751648	15259.397983551025	15227.931022644043	15268.62621307373	15268.968343734741
1	34b	32	8.0	1	131072	wlbllm_perseq	16	1	2.0	8.0	wlbllm	30	14492.379188537598	13947.064399719238	13860.317468643188	13913.01441192627	13886.960983276367	16344.927787780762	17011.149883270264	13890.429258346558	14012.031078338623	14010.144710540771	13906.13079071045	17513.272762298584	17370.981216430664	13514.70398902893	13946.034669876099	13997.490882873535	14124.479532241821	14244.879484176636	14133.196592330933	13997.568845748901	14010.847091674805	13993.173360824585	14060.916900634766	13962.95142173767	14049.381017684937	13979.023218154907	13952.347755432129	13989.388227462769	13990.026473999023	16715.3537273407	14443.187713623047
3	34b	32	8.0	1	131072	wlbllm_perseq	4	1	2.0	8.0	wlbllm	30	14169.668531417847	13481.983184814453	13345.016717910767	13845.693826675415	13448.970317840576	14143.370151519775	15929.942846298218	13289.344549179077	15456.894159317017	14128.474712371826	13500.367164611816	15717.832326889038	15242.581605911255	14580.98578453064	13380.484819412231	13492.593050003052	14136.37089729309	14004.004716873169	14159.044742584229	13523.803234100342	14164.703369140625	13460.275650024414	14162.209272384644	13504.722118377686	14082.59654045105	13489.93468284607	15799.95846748352	14100.80337524414	13486.228704452515	15890.230655670166	14140.634298324585
2	34b	32	8.0	1	131072	wlbllm_perseq	8	1	2.0	8.0	wlbllm	30	14153.991063435873	13471.313953399658	13100.090503692627	13513.529300689697	13502.556324005127	13823.668479919434	16139.264345169067	13425.571918487549	15734.049558639526	13700.913190841675	13498.197555541992	16444.300889968872	16082.884550094604	14418.395280838013	13452.40044593811	13566.194295883179	13673.519849777222	14474.48992729187	13564.495086669922	13483.130693435669	13583.000659942627	13724.18236732483	14181.69116973877	13484.139442443848	13585.09874343872	13492.041110992432	16104.27737236023	13532.599210739136	13444.681882858276	16416.107892990112	14002.945899963379
36	34b	32	8.0	1	131072	wlbllm_perseq	32	1	2.0	8.0	prolong	30	11541.572483380636	15964.731931686401	16017.311573028564	16015.453577041626	16293.382406234741	16039.960622787476	15953.126668930054	15433.599948883057	15992.01488494873	15975.176095962524	15806.649684906006	15924.659013748169	15922.93906211853	12879.249334335327	8030.253887176514	9360.68344116211	9222.62191772461	9322.326183319092	8749.953269958496	7677.475929260254	8178.783893585205	7915.924549102783	8105.0660610198975	8875.081777572632	7944.360971450806	8386.820554733276	8055.825471878052	8253.947734832764	7929.939746856689	7768.315553665161	8251.538753509521
50	34b	32	8.0	1	131072	wlbllm_perseq	32	1	2.0	8.0	prolong	30	11529.453786214193	15917.33455657959	15988.07692527771	15982.011795043945	16248.030185699463	16043.74384880066	15929.825067520142	15438.151597976685	15985.170364379883	16226.32098197937	15888.788223266602	15898.84877204895	15888.674259185791	12854.653358459473	8026.57675743103	9385.876417160034	9075.470447540283	9298.130512237549	8760.768175125122	7661.372900009155	8151.304006576538	7861.9184494018555	8114.218473434448	8904.787540435791	7915.388822555542	8314.457416534424	8046.18501663208	8241.76836013794	7889.5323276519775	7717.739820480347	8228.488206863403
25	34b	32	8.0	1	131072	wlbllm_perseq	32	1	2.0	8.0	prolong	30	11527.109026908875	15946.152210235596	16008.84199142456	15957.921266555786	15883.299112319946	16028.561353683472	15992.209434509277	15443.410158157349	16026.813983917236	15977.039098739624	15858.925342559814	15907.052040100098	15942.928314208984	12877.183198928833	7964.449644088745	9364.560604095459	9121.229410171509	9304.861068725586	8714.67638015747	7651.535749435425	8190.6797885894775	8146.6875076293945	8127.930402755737	8891.169548034668	7937.3533725738525	8343.586206436157	8009.831428527832	8221.243619918823	7959.190607070923	7739.39323425293	8274.55472946167
51	34b	32	8.0	1	131072	wlbllm_perseq	16	1	2.0	8.0	prolong	30	11009.559265772501	14685.636281967163	19539.170265197754	18185.16230583191	15923.340797424316	17183.338165283203	17671.889066696167	14957.984924316406	16514.074563980103	17618.81184577942	14330.94573020935	16002.483129501343	14995.615243911743	11437.729120254517	6908.025741577148	7451.582670211792	7534.997463226318	9011.23833656311	7025.413274765015	6489.400386810303	6911.024808883667	6598.998069763184	7123.850345611572	7185.429334640503	6616.396427154541	7289.265155792236	6976.060628890991	7352.736949920654	6930.995225906372	6910.334348678589	6924.847364425659
37	34b	32	8.0	1	131072	wlbllm_perseq	16	1	2.0	8.0	prolong	30	11007.797614733377	14726.152896881104	19816.240072250366	18206.993341445923	15388.871431350708	17214.87283706665	17677.069425582886	14975.779294967651	16435.20951271057	17613.82484436035	14351.365089416504	16053.12442779541	15061.196565628052	11495.64814567566	6911.3264083862305	7442.2767162323	7486.210346221924	9031.887769699097	6990.800380706787	6455.287933349609	6892.472743988037	6624.237537384033	7141.727924346924	7179.342031478882	6622.0762729644775	7285.696029663086	6961.827993392944	7348.128318786621	7032.021760940552	6894.623517990112	6917.636871337891
26	34b	32	8.0	1	131072	wlbllm_perseq	16	1	2.0	8.0	prolong	30	10931.07097943624	14714.353561401367	18074.050664901733	18161.12208366394	15524.86515045166	17210.04056930542	17635.204792022705	14956.477880477905	16383.558511734009	17645.732402801514	14375.33164024353	16101.18293762207	14979.360342025757	11461.13657951355	6896.198749542236	7413.966178894043	7445.005655288696	8978.456020355225	6960.729122161865	6449.964761734009	6886.698246002197	6622.403621673584	7089.0867710113525	7151.806354522705	6609.187126159668	7243.969440460205	6940.743207931519	7307.011365890503	6907.085418701172	6894.481420516968	6912.91880607605
38	34b	32	8.0	1	131072	wlbllm_perseq	8	1	2.0	8.0	prolong	30	10545.106514294943	15542.27352142334	17833.06384086609	17551.414012908936	15638.715982437134	16503.999948501587	16885.41555404663	14291.035890579224	16572.134733200073	17651.77345275879	14741.094589233398	15670.989751815796	15261.074781417847	10961.14706993103	6390.762567520142	6823.383569717407	6876.039981842041	8489.113092422485	6370.657205581665	5915.125370025635	6406.865119934082	6020.892858505249	6427.830457687378	6485.941171646118	6106.21190071106	6613.151073455811	6401.987791061401	6733.991622924805	6386.837005615234	6394.84167098999	6405.429840087891
52	34b	32	8.0	1	131072	wlbllm_perseq	8	1	2.0	8.0	prolong	30	10543.522683779398	15482.490539550781	17763.577699661255	17620.46527862549	15591.248989105225	16482.619762420654	16861.973762512207	14263.099908828735	16545.38369178772	17604.061126708984	14704.497337341309	15699.083089828491	15273.427248001099	10992.786407470703	6405.706167221069	6852.70881652832	6880.420923233032	8490.728855133057	6386.342287063599	5932.927846908569	6396.780252456665	6031.389236450195	6435.879468917847	6491.744518280029	6107.025861740112	6625.308275222778	6406.858921051025	6754.246711730957	6412.176847457886	6401.922225952148	6408.798456192017
27	34b	32	8.0	1	131072	wlbllm_perseq	8	1	2.0	8.0	prolong	30	10536.657039324442	15542.724609375	17693.794012069702	17564.183950424194	15680.34815788269	16472.14388847351	16882.986307144165	14371.069431304932	16555.177450180054	17611.7103099823	14780.61032295227	15748.497486114502	15360.07046699524	10976.520776748657	6383.942604064941	6806.795835494995	6840.110063552856	8448.540210723877	6352.538108825684	5915.466547012329	6399.878263473511	5994.986772537231	6392.438173294067	6449.080467224121	6068.323373794556	6565.685510635376	6394.920349121094	6696.138381958008	6379.493713378906	6383.496999740601	6388.038635253906
53	34b	32	8.0	1	131072	wlbllm_perseq	4	1	2.0	8.0	prolong	30	10294.991358121237	14204.1335105896	15537.900447845459	16382.792949676514	14996.65379524231	15350.956201553345	15511.33394241333	13632.48586654663	17329.025268554688	17935.77742576599	14343.071222305298	14275.217771530151	14241.723775863647	10683.62021446228	6113.980293273926	6532.803297042847	6564.57781791687	8252.81834602356	6109.97462272644	5659.959554672241	6136.604309082031	13886.157512664795	6118.3435916900635	6131.231784820557	5839.910984039307	6244.094371795654	6125.942945480347	6366.273880004883	6110.256671905518	6125.840663909912	6106.277704238892
29	34b	32	8.0	1	131072	wlbllm_perseq	2	1	2.0	8.0	prolong	30	10061.488501230875	15190.56224822998	15862.891912460327	15398.36311340332	15276.025772094727	15498.169422149658	15251.44076347351	15178.992748260498	15275.25281906128	15295.640707015991	15174.418926239014	15270.154237747192	15618.177890777588	14029.753923416138	5988.917112350464	6338.855504989624	6345.879554748535	8081.261873245239	5957.421779632568	5501.716136932373	5990.713357925415	5584.230422973633	5982.165098190308	5999.37891960144	5684.321880340576	5996.443748474121	5980.470180511475	6176.746606826782	5976.1598110198975	5948.341131210327	5991.787433624268
40	34b	32	8.0	1	131072	wlbllm_perseq	2	1	2.0	8.0	prolong	30	10054.94487285614	15209.270477294922	15846.481800079346	15503.78131866455	15227.852582931519	15259.717464447021	15255.702018737793	15226.782083511353	15265.039920806885	15247.594356536865	15192.583084106445	15263.444900512695	15285.378217697144	13974.422216415405	5996.915102005005	6373.660326004028	6388.774394989014	8123.563289642334	5978.99866104126	5502.719879150391	5998.127460479736	5592.395782470703	6003.371953964233	6006.401777267456	5700.328588485718	6034.390449523926	5997.947454452515	6217.636585235596	5993.216991424561	5968.4717655181885	6013.375282287598
39	34b	32	8.0	1	131072	wlbllm_perseq	4	1	2.0	8.0	prolong	30	10039.62632815043	14190.075874328613	15591.377258300781	16374.011993408203	15072.874784469604	15367.347240447998	15547.026872634888	13669.641733169556	17393.388986587524	17956.96210861206	14341.512441635132	14382.869482040405	14366.823196411133	10743.745565414429	6114.378929138184	6505.781173706055	6564.314365386963	8254.681825637817	6091.852903366089	5658.54811668396	6111.062049865723	5783.525705337524	6114.421844482422	6130.575656890869	5824.912309646606	6229.299068450928	6118.564605712891	6348.069906234741	6104.42328453064	6119.012832641602	6117.7077293396
54	34b	32	8.0	1	131072	wlbllm_perseq	2	1	2.0	8.0	prolong	30	10035.16329129537	15185.615539550781	15804.986238479614	15460.623741149902	15203.139305114746	15339.170455932617	15178.789138793945	15129.611730575562	15176.793098449707	15198.996782302856	15099.53236579895	15203.679323196411	15220.343112945557	13930.855751037598	6019.67191696167	6365.91649055481	6426.771640777588	8094.899654388428	5987.071990966797	5521.184921264648	5994.041681289673	5601.799488067627	5996.966123580933	5983.610153198242	5717.773199081421	6038.294315338135	6001.236200332642	6208.130836486816	5987.586975097656	5971.821069717407	6005.985498428345
28	34b	32	8.0	1	131072	wlbllm_perseq	4	1	2.0	8.0	prolong	30	10022.983233133951	14294.29030418396	15589.800834655762	16467.127323150635	15129.448175430298	15335.918664932251	15518.948554992676	13643.981456756592	17336.979627609253	17908.94341468811	14315.048933029175	14302.147626876831	14306.979656219482	10739.308595657349	6090.020418167114	6468.070507049561	6525.423288345337	8206.404685974121	6084.482908248901	5639.379501342773	6107.748508453369	5734.642028808594	6098.076105117798	6113.27862739563	5819.183349609375	6201.195001602173	6096.540927886963	6326.645135879517	6080.051422119141	6107.375860214233	6102.055549621582
19	34b	32	8.0	1	131072	wlbllm	2	1	2.0	8.0	wlbllm	30	14248.921457926432	14245.540380477905	14241.638660430908	14234.434127807617	14189.728498458862	14235.743761062622	14248.772621154785	14509.536504745483	14262.916803359985	14248.486995697021	14475.45862197876	14287.140130996704	14255.037784576416	13572.310209274292	14198.971033096313	14273.298978805542	14282.428979873657	14285.575866699219	14291.755437850952	14266.76082611084	14263.656854629517	14271.045923233032	14273.218631744385	14214.298963546753	14259.401798248291	14244.498491287231	14274.659872055054	14262.829780578613	14274.332284927368	14268.295764923096	14255.869150161743
16	34b	32	8.0	1	131072	wlbllm	16	1	2.0	8.0	wlbllm	30	11197.163907686869	10647.380113601685	9827.379703521729	10718.150615692139	10053.454637527466	11655.359268188477	11762.498140335083	9275.520324707031	20178.390502929688	10901.14426612854	10441.888332366943	11541.914701461792	11965.841054916382	11165.11058807373	9850.083351135254	10642.47179031372	11416.224002838135	11212.588787078857	11169.12317276001	10492.347478866577	10931.865453720093	10975.07381439209	11028.617858886719	10218.873739242554	11339.027643203735	10498.417139053345	11298.524379730225	11059.901714324951	10410.427570343018	11872.159242630005	11365.157842636108
18	34b	32	8.0	1	131072	wlbllm	4	1	2.0	8.0	wlbllm	30	10360.47112941742	9952.955722808838	10111.645936965942	10235.689640045166	9959.116458892822	10659.903764724731	11077.868938446045	10212.635517120361	10868.312358856201	10465.723276138306	9976.256608963013	11051.131248474121	11148.011207580566	10365.556478500366	9913.68818283081	10000.888347625732	10601.91822052002	10083.299398422241	10393.442869186401	9973.477840423584	10330.422639846802	10023.808240890503	10472.23973274231	9934.701204299927	10408.818006515503	9980.379581451416	10441.173076629639	10257.601737976074	9981.9655418396	11126.952648162842	10804.5494556427
17	34b	32	8.0	1	131072	wlbllm	8	1	2.0	8.0	wlbllm	30	10223.006208737692	9901.015281677246	9224.271297454834	10195.943355560303	9481.61792755127	10935.8549118042	11390.145778656006	8444.43392753601	10884.583711624146	10125.530242919922	9813.834190368652	10926.548957824707	11266.415119171143	10507.913827896118	8702.832460403442	9856.423377990723	10659.454345703125	10380.1851272583	10498.929262161255	9816.114664077759	10194.165468215942	10334.635734558105	10645.97225189209	9373.128414154053	10666.251182556152	9791.694641113281	10610.629558563232	10321.317911148071	9945.386409759521	11150.4545211792	10644.502401351929
69	34b	32	8.0	1	131072	wlbllm	2	1	2.0	8.0	prolong	30	9469.8681751887	14217.512369155884	14436.586380004883	14210.617542266846	14249.770879745483	14252.444505691528	14225.583791732788	13448.853254318237	14516.373634338379	14256.24704360962	13911.013841629028	14261.157512664795	14255.178451538086	12349.215269088745	5659.195184707642	6378.633737564087	6333.083152770996	7262.03465461731	6043.658256530762	5401.744842529297	5726.111173629761	5433.6841106414795	6081.990003585815	6052.733659744263	5721.336364746094	6146.097183227539	5791.5449142456055	6245.865106582642	5780.230760574341	5767.643451690674	5679.904222488403
66	34b	32	8.0	1	131072	wlbllm	16	1	2.0	8.0	prolong	30	9451.873326301575	12012.685298919678	13384.192943572998	12832.481622695923	12802.493810653687	13219.616174697876	12773.262977600098	11706.499338150024	12556.550741195679	13238.019466400146	11811.776399612427	11874.417781829834	12078.321933746338	8897.502660751343	7265.7952308654785	7350.391864776611	7407.495737075806	7603.71994972229	7275.7768630981445	7117.887258529663	7488.867521286011	7148.13494682312	7305.451154708862	7338.647127151489	7160.9251499176025	7347.215890884399	7251.28698348999	7352.901935577393	7285.106420516968	7415.257692337036	7253.516912460327
67	34b	32	8.0	1	131072	wlbllm	8	1	2.0	8.0	prolong	30	8559.380984306335	11187.000751495361	12635.313987731934	12080.905675888062	11989.43281173706	12247.021198272705	12048.55465888977	11265.430688858032	11815.653324127197	12582.1213722229	11253.660917282104	11173.508644104004	11667.010307312012	8004.68635559082	6160.311460494995	6351.729393005371	6351.736307144165	6629.853010177612	6272.197246551514	6026.398658752441	6342.990875244141	6287.647008895874	6482.455492019653	6286.821365356445	6080.164670944214	6458.121061325073	6167.821407318115	6331.364631652832	6235.977411270142	6204.73313331604	6160.805702209473
68	34b	32	8.0	1	131072	wlbllm	4	1	2.0	8.0	prolong	30	8336.000370979309	11193.39394569397	12779.829025268555	11966.44926071167	11665.102005004883	12008.157014846802	11928.206205368042	11480.984926223755	11677.308559417725	12340.533971786499	11771.217584609985	11462.987899780273	11362.192153930664	9074.447631835938	5701.374053955078	6016.617059707642	6045.556306838989	6528.455018997192	5863.88087272644	5543.999671936035	5750.993013381958	5585.574150085449	5898.957014083862	5925.076961517334	5601.10330581665	5955.816984176636	5775.50745010376	5964.624643325806	5763.758182525635	5747.0457553863525	5700.860500335693
30	34b	32	8.0	1	131072	d2	1	1	2.0	8.0	prolong	4	11637.405812740326	10919.052362442017	12145.308256149292	12022.876024246216	11462.38660812378																										
41	34b	32	8.0	1	131072	d2	1	1	2.0	8.0	prolong	30	8029.485980669658	10923.532247543335	12150.646686553955	11999.795913696289	11470.30520439148	12008.120059967041	11916.623592376709	10732.942581176758	11831.469297409058	12473.66714477539	10912.296295166016	10836.141347885132	11029.094219207764	6951.158285140991	5461.692094802856	6143.093109130859	5889.93763923645	5863.8410568237305	5671.358585357666	5376.542568206787	5544.731378555298	5410.7372760772705	5663.653135299683	5661.34786605835	5398.177862167358	5618.358135223389	5678.5876750946045	5725.1715660095215	5539.698362350464	5487.509250640869	5514.348983764648
55	34b	32	8.0	1	131072	d2	1	1	2.0	8.0	prolong	30	8013.769380251567	10917.713165283203	12127.361297607422	11906.774520874023	11441.05577468872	11969.493627548218	11881.56509399414	10726.996183395386	11759.91153717041	12352.574110031128	10923.510551452637	10851.622343063354	11014.557123184204	6981.19044303894	5475.562810897827	6106.174468994141	5869.735956192017	5856.848478317261	5636.069059371948	5382.680654525757	5544.293642044067	5410.444259643555	5676.230907440186	5681.7896366119385	5381.467342376709	5595.9413051605225	5659.072637557983	5730.978727340698	5543.861150741577	5490.930080413818	5516.674518585205
