sample_id,Baseline Duration (ms),samples_baseline,D2 Duration (ms),samples_d2,Difference (ms),Speedup (%),sample_config
0,983.6897850036621,"[[12786, 28848, 785, 2622, 3023, 313, 4557, 344, 4034, 1305, 496, 2001, 4422], [11855, 12308, 3201, 3622, 12463, 5841, 10797, 1055, 4394], [74, 12464, 4784, 3960, 14606, 308, 623, 28717], [47644, 10839, 7053]]",927.5604724884033,"[[12786, 28848, 785, 2622, 3023, 313, 4557, 344, 4034, 1305, 496, 2001, 4422], [11855, 12308, 3201, 3622, 12463, 5841, 10797, 1055, 4394], [74, 12464, 4784, 3960, 14606, 308, 623, 28717], [47644, 10839, 7053]]",-56.12931251525879,5.705997294162186,"[[12786,28848,785,2622,3023,313,4557,344,4034,1305,496,2001,4422],[11855,12308,3201,3622,12463,5841,10797,1055,4394],[74,12464,4784,3960,14606,308,623,28717],[47644,10839,7053]]"
1,1105.9946060180664,"[[11653, 1031, 1606, 41919, 1212, 280, 4490, 2575, 770], [2195, 12284, 294, 50763], [65536], [3004, 4937, 5114, 757, 10155, 540, 2710, 2074, 2215, 6036, 3859, 21943, 2192]]",1111.8785858154297,"[[11653, 1031, 1606, 41919, 1212, 280, 4490, 2575, 770], [2195, 12284, 294, 50763], [65536], [3004, 4937, 5114, 757, 10155, 540, 2710, 2074, 2215, 6036, 3859, 21943, 2192]]",5.883979797363281,-0.5320080012458186,"[[11653,1031,1606,41919,1212,280,4490,2575,770],[2195,12284,294,50763],[65536],[3004,4937,5114,757,10155,540,2710,2074,2215,6036,3859,21943,2192]]"
2,1090.7350540161133,"[[10807, 11815, 4676, 4535, 15121, 4271, 2765, 11546], [65536], [23082, 1804, 11665, 6161, 5108, 2972, 4865, 1364, 2823, 5692], [448, 5340, 5943, 3466, 2460, 3111, 13034, 3288, 682, 1816, 25948]]",984.3914031982422,"[[10807, 11815, 4676, 4535, 15121, 4271, 2765, 11546], [65536], [23082, 1804, 11665, 6161, 5108, 2972, 4865, 1364, 2823, 5692], [448, 5340, 5943, 3466, 2460, 3111, 13034, 3288, 682, 1816, 25948]]",-106.3436508178711,9.749723402242475,"[[10807,11815,4676,4535,15121,4271,2765,11546],[65536],[23082,1804,11665,6161,5108,2972,4865,1364,2823,5692],[448,5340,5943,3466,2460,3111,13034,3288,682,1816,25948]]"
3,1147.9042053222656,"[[65536], [4205, 5574, 5085, 3292, 1228, 6053, 4517, 35582], [10233, 1817, 17620, 35866], [51875, 804, 10945, 1285, 627]]",1122.5335597991943,"[[65536], [4205, 5574, 5085, 3292, 1228, 6053, 4517, 35582], [10233, 1817, 17620, 35866], [51875, 804, 10945, 1285, 627]]",-25.37064552307129,2.210170971187327,"[[65536],[4205,5574,5085,3292,1228,6053,4517,35582],[10233,1817,17620,35866],[51875,804,10945,1285,627]]"
4,1015.986967086792,"[[893, 4836, 1412, 2487, 4114, 2900, 48894], [22071, 3447, 11125, 15408, 1835, 11650], [48941, 469, 1430, 14696], [31333, 18519, 15684]]",1009.8886013031006,"[[893, 4836, 1412, 2487, 4114, 2900, 48894], [22071, 3447, 11125, 15408, 1835, 11650], [48941, 469, 1430, 14696], [31333, 18519, 15684]]",-6.098365783691406,0.6002405524135475,"[[893,4836,1412,2487,4114,2900,48894],[22071,3447,11125,15408,1835,11650],[48941,469,1430,14696],[31333,18519,15684]]"
5,1208.626127243042,"[[65536], [16915, 5460, 43161], [19438, 13652, 10234, 2160, 1827, 10541, 3676, 4008], [8028, 5887, 1924, 5584, 2895, 1459, 1158, 1442, 16096, 3188, 5074, 1055, 5237, 5720, 789]]",1027.2307872772217,"[[65536], [16915, 5460, 43161], [19438, 13652, 10234, 2160, 1827, 10541, 3676, 4008], [8028, 5887, 1924, 5584, 2895, 1459, 1158, 1442, 16096, 3188, 5074, 1055, 5237, 5720, 789]]",-181.3953399658203,15.00839141874215,"[[65536],[16915,5460,43161],[19438,13652,10234,2160,1827,10541,3676,4008],[8028,5887,1924,5584,2895,1459,1158,1442,16096,3188,5074,1055,5237,5720,789]]"
6,1060.546588897705,"[[1229, 20761, 2423, 41123], [49307, 256, 9653, 2370, 2137, 1813], [1803, 3995, 4777, 3184, 1761, 3480, 6117, 920, 585, 4499, 1722, 18460, 57, 5522, 5194, 3460], [489, 4306, 3775, 20037, 5980, 3290, 11947, 14304, 1408]]",951.5891551971436,"[[1229, 20761, 2423, 41123], [49307, 256, 9653, 2370, 2137, 1813], [1803, 3995, 4777, 3184, 1761, 3480, 6117, 920, 585, 4499, 1722, 18460, 57, 5522, 5194, 3460], [489, 4306, 3775, 20037, 5980, 3290, 11947, 14304, 1408]]",-108.95743370056152,10.27370554402594,"[[1229,20761,2423,41123],[49307,256,9653,2370,2137,1813],[1803,3995,4777,3184,1761,3480,6117,920,585,4499,1722,18460,57,5522,5194,3460],[489,4306,3775,20037,5980,3290,11947,14304,1408]]"
7,972.1292018890381,"[[1308, 6128, 1580, 24550, 3918, 185, 3608, 747, 4539, 18973], [3159, 3407, 1773, 1350, 5638, 428, 12257, 3515, 34009], [18721, 46815], [11454, 2059, 5758, 4017, 3245, 672, 3700, 4657, 1082, 28892]]",951.5817165374756,"[[1308, 6128, 1580, 24550, 3918, 185, 3608, 747, 4539, 18973], [3159, 3407, 1773, 1350, 5638, 428, 12257, 3515, 34009], [18721, 46815], [11454, 2059, 5758, 4017, 3245, 672, 3700, 4657, 1082, 28892]]",-20.5474853515625,2.1136578668385537,"[[1308,6128,1580,24550,3918,185,3608,747,4539,18973],[3159,3407,1773,1350,5638,428,12257,3515,34009],[18721,46815],[11454,2059,5758,4017,3245,672,3700,4657,1082,28892]]"
8,1218.6745166778564,"[[13147, 3532, 2394, 6242, 12900, 27321], [20111, 2512, 4603, 3906, 34404], [65536], [24295, 41241]]",1076.9877433776855,"[[13147, 3532, 2394, 6242, 12900, 27321], [20111, 2512, 4603, 3906, 34404], [65536], [24295, 41241]]",-141.6867733001709,11.6263014743603,"[[13147,3532,2394,6242,12900,27321],[20111,2512,4603,3906,34404],[65536],[24295,41241]]"
9,1337.2405052185059,"[[61127, 2094, 2315], [65536], [28439, 3976, 11080, 5501, 1022, 5212, 5459, 2159, 2688], [1383, 16799, 67, 12544, 34743]]",1137.0775699615479,"[[61127, 2094, 2315], [65536], [28439, 3976, 11080, 5501, 1022, 5212, 5459, 2159, 2688], [1383, 16799, 67, 12544, 34743]]",-200.162935256958,14.968357185998585,"[[61127,2094,2315],[65536],[28439,3976,11080,5501,1022,5212,5459,2159,2688],[1383,16799,67,12544,34743]]"
10,1229.2372703552246,"[[65536], [20044, 45492], [12820, 545, 5547, 46624], [41115, 503, 905, 859, 4491, 1900, 1037, 367, 81, 3199, 5060, 6019]]",1149.8789310455322,"[[65536], [20044, 45492], [12820, 545, 5547, 46624], [41115, 503, 905, 859, 4491, 1900, 1037, 367, 81, 3199, 5060, 6019]]",-79.35833930969238,6.455900843842738,"[[65536],[20044,45492],[12820,545,5547,46624],[41115,503,905,859,4491,1900,1037,367,81,3199,5060,6019]]"
11,877.836799621582,"[[31499, 4574, 389, 29074], [3915, 10882, 3971, 15905, 4793, 3339, 5635, 4350, 12746], [25182, 3186, 11360, 1962, 23846], [12448, 4966, 1178, 733, 18134, 1294, 26783]]",906.9039344787598,"[[31499, 4574, 389, 29074], [3915, 10882, 3971, 15905, 4793, 3339, 5635, 4350, 12746], [25182, 3186, 11360, 1962, 23846], [12448, 4966, 1178, 733, 18134, 1294, 26783]]",29.067134857177734,-3.311223096332712,"[[31499,4574,389,29074],[3915,10882,3971,15905,4793,3339,5635,4350,12746],[25182,3186,11360,1962,23846],[12448,4966,1178,733,18134,1294,26783]]"
12,1218.8734531402588,"[[50530, 3487, 4911, 6608], [3586, 18460, 10865, 3758, 28867], [45356, 3880, 3013, 13287], [65536]]",1128.8866519927979,"[[50530, 3487, 4911, 6608], [3586, 18460, 10865, 3758, 28867], [45356, 3880, 3013, 13287], [65536]]",-89.98680114746094,7.382784563534664,"[[50530,3487,4911,6608],[3586,18460,10865,3758,28867],[45356,3880,3013,13287],[65536]]"
13,984.0069770812988,"[[13378, 2625, 6103, 2397, 5225, 5796, 3565, 2427, 24020], [16493, 1049, 11272, 6242, 2213, 292, 5266, 995, 21714], [3162, 14447, 558, 47369], [30642, 3753, 2806, 5876, 3768, 1654, 17037]]",929.0137767791748,"[[13378, 2625, 6103, 2397, 5225, 5796, 3565, 2427, 24020], [16493, 1049, 11272, 6242, 2213, 292, 5266, 995, 21714], [3162, 14447, 558, 47369], [30642, 3753, 2806, 5876, 3768, 1654, 17037]]",-54.99320030212402,5.58870024125657,"[[13378,2625,6103,2397,5225,5796,3565,2427,24020],[16493,1049,11272,6242,2213,292,5266,995,21714],[3162,14447,558,47369],[30642,3753,2806,5876,3768,1654,17037]]"
14,1118.6353206634521,"[[1463, 5562, 1430, 497, 5819, 18555, 4802, 1806, 5710, 16502, 3390], [6856, 4547, 40884, 13249], [65536], [16605, 5284, 3677, 155, 24308, 4456, 11051]]",1033.1923007965088,"[[1463, 5562, 1430, 497, 5819, 18555, 4802, 1806, 5710, 16502, 3390], [6856, 4547, 40884, 13249], [65536], [16605, 5284, 3677, 155, 24308, 4456, 11051]]",-85.44301986694336,7.638147865406923,"[[1463,5562,1430,497,5819,18555,4802,1806,5710,16502,3390],[6856,4547,40884,13249],[65536],[16605,5284,3677,155,24308,4456,11051]]"
15,1110.791254043579,"[[1493, 5134, 1957, 36393, 20559], [19144, 302, 10341, 35749], [7691, 5249, 4986, 47610], [52788, 2575, 10173]]",1056.9105625152588,"[[1493, 5134, 1957, 36393, 20559], [19144, 302, 10341, 35749], [7691, 5249, 4986, 47610], [52788, 2575, 10173]]",-53.88069152832031,4.850658603241617,"[[1493,5134,1957,36393,20559],[19144,302,10341,35749],[7691,5249,4986,47610],[52788,2575,10173]]"
16,1127.4684429168701,"[[13158, 1268, 3174, 3655, 29877, 3899, 5905, 2484, 2116], [65536], [31369, 34167], [1647, 4502, 20909, 5069, 1477, 5045, 868, 5174, 441, 2004, 18400]]",1055.7108879089355,"[[13158, 1268, 3174, 3655, 29877, 3899, 5905, 2484, 2116], [65536], [31369, 34167], [1647, 4502, 20909, 5069, 1477, 5045, 868, 5174, 441, 2004, 18400]]",-71.75755500793457,6.364484563513886,"[[13158,1268,3174,3655,29877,3899,5905,2484,2116],[65536],[31369,34167],[1647,4502,20909,5069,1477,5045,868,5174,441,2004,18400]]"
17,1134.342622756958,"[[39869, 5297, 293, 5805, 14272], [25510, 11424, 742, 4827, 4892, 3067, 5885, 9189], [4286, 2317, 414, 1686, 5621, 2718, 3480, 4018, 5550, 3489, 31957], [65536]]",1044.7542667388916,"[[39869, 5297, 293, 5805, 14272], [25510, 11424, 742, 4827, 4892, 3067, 5885, 9189], [4286, 2317, 414, 1686, 5621, 2718, 3480, 4018, 5550, 3489, 31957], [65536]]",-89.5883560180664,7.89782154181307,"[[39869,5297,293,5805,14272],[25510,11424,742,4827,4892,3067,5885,9189],[4286,2317,414,1686,5621,2718,3480,4018,5550,3489,31957],[65536]]"
18,1201.4636039733887,"[[25514, 5815, 11545, 5894, 16768], [1863, 678, 5562, 57433], [41877, 16383, 7276], [65536]]",1141.4833068847656,"[[25514, 5815, 11545, 5894, 16768], [1863, 678, 5562, 57433], [41877, 16383, 7276], [65536]]",-59.98029708862305,4.9922691698908555,"[[25514,5815,11545,5894,16768],[1863,678,5562,57433],[41877,16383,7276],[65536]]"
19,1035.1261615753174,"[[7237, 4806, 4533, 4441, 1901, 10535, 7329, 2898, 1112, 1384, 5534, 13826], [61293, 4243], [1826, 5519, 504, 4586, 3447, 1604, 2848, 5213, 656, 3815, 14130, 3406, 2722, 3386, 881, 4591, 303, 6099], [24660, 1793, 4194, 685, 2950, 1722, 844, 5220, 4900, 13626, 4942]]",946.0733413696289,"[[7237, 4806, 4533, 4441, 1901, 10535, 7329, 2898, 1112, 1384, 5534, 13826], [61293, 4243], [1826, 5519, 504, 4586, 3447, 1604, 2848, 5213, 656, 3815, 14130, 3406, 2722, 3386, 881, 4591, 303, 6099], [24660, 1793, 4194, 685, 2950, 1722, 844, 5220, 4900, 13626, 4942]]",-89.05282020568848,8.603088542382363,"[[7237,4806,4533,4441,1901,10535,7329,2898,1112,1384,5534,13826],[61293,4243],[1826,5519,504,4586,3447,1604,2848,5213,656,3815,14130,3406,2722,3386,881,4591,303,6099],[24660,1793,4194,685,2950,1722,84 …"
20,1141.3450717926025,"[[64699, 837], [647, 573, 2338, 4325, 4480, 3453, 1012, 6130, 4859, 1820, 35899], [53524, 8970, 3042], [9696, 5308, 3260, 4348, 370, 31748, 4227, 5714, 865]]",1108.8416576385498,"[[64699, 837], [647, 573, 2338, 4325, 4480, 3453, 1012, 6130, 4859, 1820, 35899], [53524, 8970, 3042], [9696, 5308, 3260, 4348, 370, 31748, 4227, 5714, 865]]",-32.503414154052734,2.8478165768922716,"[[64699,837],[647,573,2338,4325,4480,3453,1012,6130,4859,1820,35899],[53524,8970,3042],[9696,5308,3260,4348,370,31748,4227,5714,865]]"
21,1095.292615890503,"[[5180, 1875, 58481], [15399, 13577, 3116, 10921, 2037, 20486], [17438, 3841, 4844, 39413], [55742, 9794]]",1084.9582195281982,"[[5180, 1875, 58481], [15399, 13577, 3116, 10921, 2037, 20486], [17438, 3841, 4844, 39413], [55742, 9794]]",-10.334396362304688,0.9435283514536011,"[[5180,1875,58481],[15399,13577,3116,10921,2037,20486],[17438,3841,4844,39413],[55742,9794]]"
22,1086.2059593200684,"[[65536], [3668, 4998, 95, 611, 61, 3858, 1892, 489, 16747, 11347, 3655, 4913, 3216, 9986], [21680, 4777, 26486, 1546, 1711, 9336], [7362, 17337, 10985, 3776, 2962, 1589, 317, 856, 4093, 4134, 12125]]",997.6000785827637,"[[65536], [3668, 4998, 95, 611, 61, 3858, 1892, 489, 16747, 11347, 3655, 4913, 3216, 9986], [21680, 4777, 26486, 1546, 1711, 9336], [7362, 17337, 10985, 3776, 2962, 1589, 317, 856, 4093, 4134, 12125]]",-88.60588073730469,8.157373836612832,"[[65536],[3668,4998,95,611,61,3858,1892,489,16747,11347,3655,4913,3216,9986],[21680,4777,26486,1546,1711,9336],[7362,17337,10985,3776,2962,1589,317,856,4093,4134,12125]]"
23,1091.348123550415,"[[18047, 2047, 45442], [51310, 4418, 2218, 5353, 2237], [34809, 2249, 4830, 11344, 1737, 2156, 8411], [42650, 12198, 2310, 8378]]",1049.8408794403076,"[[18047, 2047, 45442], [51310, 4418, 2218, 5353, 2237], [34809, 2249, 4830, 11344, 1737, 2156, 8411], [42650, 12198, 2310, 8378]]",-41.50724411010742,3.803300084951306,"[[18047,2047,45442],[51310,4418,2218,5353,2237],[34809,2249,4830,11344,1737,2156,8411],[42650,12198,2310,8378]]"
24,1302.4532794952393,"[[8541, 56995], [65536], [38, 4356, 4882, 18937, 4325, 5452, 164, 5668, 5309, 16405], [8018, 2974, 6080, 19792, 1319, 1508, 1095, 2565, 22185]]",1079.4771194458008,"[[8541, 56995], [65536], [38, 4356, 4882, 18937, 4325, 5452, 164, 5668, 5309, 16405], [8018, 2974, 6080, 19792, 1319, 1508, 1095, 2565, 22185]]",-222.97616004943848,17.119705064265496,"[[8541,56995],[65536],[38,4356,4882,18937,4325,5452,164,5668,5309,16405],[8018,2974,6080,19792,1319,1508,1095,2565,22185]]"
25,947.5751876831055,"[[5206, 2400, 17498, 1378, 1631, 5712, 1466, 30245], [16350, 311, 1502, 163, 2214, 6167, 6087, 10388, 5262, 1447, 12475, 3170], [29187, 20250, 16099], [4736, 10270, 251, 10208, 40071]]",915.1502132415771,"[[5206, 2400, 17498, 1378, 1631, 5712, 1466, 30245], [16350, 311, 1502, 163, 2214, 6167, 6087, 10388, 5262, 1447, 12475, 3170], [29187, 20250, 16099], [4736, 10270, 251, 10208, 40071]]",-32.42497444152832,3.4218893511563855,"[[5206,2400,17498,1378,1631,5712,1466,30245],[16350,311,1502,163,2214,6167,6087,10388,5262,1447,12475,3170],[29187,20250,16099],[4736,10270,251,10208,40071]]"
26,1287.2140884399414,"[[56225, 2417, 2589, 4305], [762, 64774], [48758, 4472, 12306], [737, 4733, 11774, 2465, 3649, 3126, 39052]]",1174.3464946746826,"[[56225, 2417, 2589, 4305], [762, 64774], [48758, 4472, 12306], [737, 4733, 11774, 2465, 3649, 3126, 39052]]",-112.86759376525879,8.768362215647468,"[[56225,2417,2589,4305],[762,64774],[48758,4472,12306],[737,4733,11774,2465,3649,3126,39052]]"
27,1165.6660556793213,"[[62102, 2903, 531], [591, 11125, 224, 3999, 6069, 43528], [47832, 5539, 5078, 7087], [35295, 30241]]",1124.8594284057617,"[[62102, 2903, 531], [591, 11125, 224, 3999, 6069, 43528], [47832, 5539, 5078, 7087], [35295, 30241]]",-40.80662727355957,3.5007133539441084,"[[62102,2903,531],[591,11125,224,3999,6069,43528],[47832,5539,5078,7087],[35295,30241]]"
28,1123.6260890960693,"[[60160, 69, 2377, 2805, 125], [835, 4193, 4716, 2412, 28166, 5693, 2979, 16542], [586, 5863, 1039, 58048], [42116, 5868, 2411, 12726, 2275, 140]]",1118.4857845306396,"[[60160, 69, 2377, 2805, 125], [835, 4193, 4716, 2412, 28166, 5693, 2979, 16542], [586, 5863, 1039, 58048], [42116, 5868, 2411, 12726, 2275, 140]]",-5.1403045654296875,0.45747465418544536,"[[60160,69,2377,2805,125],[835,4193,4716,2412,28166,5693,2979,16542],[586,5863,1039,58048],[42116,5868,2411,12726,2275,140]]"
29,916.923189163208,"[[1215, 338, 11215, 43814, 726, 8228], [16679, 5235, 943, 1970, 19498, 10683, 10528], [36736, 5567, 5173, 2967, 3279, 2508, 563, 5677, 3066], [330, 4097, 5247, 932, 99, 6067, 10740, 858, 52, 3730, 14056, 2496, 4440, 9381, 3011]]",912.3757839202881,"[[1215, 338, 11215, 43814, 726, 8228], [16679, 5235, 943, 1970, 19498, 10683, 10528], [36736, 5567, 5173, 2967, 3279, 2508, 563, 5677, 3066], [330, 4097, 5247, 932, 99, 6067, 10740, 858, 52, 3730, 14056, 2496, 4440, 9381, 3011]]",-4.547405242919922,0.4959417862547378,"[[1215,338,11215,43814,726,8228],[16679,5235,943,1970,19498,10683,10528],[36736,5567,5173,2967,3279,2508,563,5677,3066],[330,4097,5247,932,99,6067,10740,858,52,3730,14056,2496,4440,9381,3011]]"
30,1144.9264526367188,"[[1804, 63732], [30208, 3642, 27456, 702, 1717, 1811], [46149, 17469, 1918], [1403, 5706, 4626, 1463, 11539, 2514, 1461, 1016, 2013, 4402, 1774, 6215, 5933, 15471]]",1066.715669631958,"[[1804, 63732], [30208, 3642, 27456, 702, 1717, 1811], [46149, 17469, 1918], [1403, 5706, 4626, 1463, 11539, 2514, 1461, 1016, 2013, 4402, 1774, 6215, 5933, 15471]]",-78.21078300476074,6.831074854165917,"[[1804,63732],[30208,3642,27456,702,1717,1811],[46149,17469,1918],[1403,5706,4626,1463,11539,2514,1461,1016,2013,4402,1774,6215,5933,15471]]"
31,1269.9814319610596,"[[12684, 52852], [65536], [6205, 12193, 47138], [17083, 48453]]",1196.1442470550537,"[[12684, 52852], [65536], [6205, 12193, 47138], [17083, 48453]]",-73.83718490600586,5.81403657154177,"[[12684,52852],[65536],[6205,12193,47138],[17083,48453]]"
32,1103.9826393127441,"[[21900, 5357, 572, 37707], [54891, 3137, 7508], [65536], [17915, 18026, 4765, 11517, 12049, 1264]]",1114.3662452697754,"[[21900, 5357, 572, 37707], [54891, 3137, 7508], [65536], [17915, 18026, 4765, 11517, 12049, 1264]]",10.38360595703125,-0.9405588083790245,"[[21900,5357,572,37707],[54891,3137,7508],[65536],[17915,18026,4765,11517,12049,1264]]"
33,1288.0428314208984,"[[10881, 54655], [65536], [3136, 4543, 224, 38132, 19501], [38360, 27176]]",1158.8776111602783,"[[10881, 54655], [65536], [3136, 4543, 224, 38132, 19501], [38360, 27176]]",-129.16522026062012,10.0280221363549,"[[10881,54655],[65536],[3136,4543,224,38132,19501],[38360,27176]]"
34,1085.11643409729,"[[2191, 63345], [23622, 1282, 1719, 2297, 6243, 16381, 5228, 6128, 2636], [550, 2228, 2380, 14572, 2109, 346, 6166, 873, 5619, 5254, 12960, 3875, 5320, 3284], [455, 65081]]",1113.5757446289062,"[[2191, 63345], [23622, 1282, 1719, 2297, 6243, 16381, 5228, 6128, 2636], [550, 2228, 2380, 14572, 2109, 346, 6166, 873, 5619, 5254, 12960, 3875, 5320, 3284], [455, 65081]]",28.45931053161621,-2.622696480981007,"[[2191,63345],[23622,1282,1719,2297,6243,16381,5228,6128,2636],[550,2228,2380,14572,2109,346,6166,873,5619,5254,12960,3875,5320,3284],[455,65081]]"
35,1183.837366104126,"[[7592, 10863, 4192, 6230, 5357, 14216, 1919, 2804, 12363], [6931, 4122, 3949, 3087, 5301, 4658, 5666, 2225, 4372, 3965, 357, 20903], [65536], [33289, 4281, 27966]]",1003.4786701202393,"[[7592, 10863, 4192, 6230, 5357, 14216, 1919, 2804, 12363], [6931, 4122, 3949, 3087, 5301, 4658, 5666, 2225, 4372, 3965, 357, 20903], [65536], [33289, 4281, 27966]]",-180.35869598388672,15.235090659236974,"[[7592,10863,4192,6230,5357,14216,1919,2804,12363],[6931,4122,3949,3087,5301,4658,5666,2225,4372,3965,357,20903],[65536],[33289,4281,27966]]"
36,938.8391971588135,"[[10978, 1507, 1133, 6664, 4836, 2692, 8007, 3997, 1293, 1428, 386, 22615], [22894, 42642], [26997, 5638, 4757, 11574, 16570], [43481, 4589, 2588, 652, 3628, 10598]]",963.566780090332,"[[10978, 1507, 1133, 6664, 4836, 2692, 8007, 3997, 1293, 1428, 386, 22615], [22894, 42642], [26997, 5638, 4757, 11574, 16570], [43481, 4589, 2588, 652, 3628, 10598]]",24.727582931518555,-2.6338464570238487,"[[10978,1507,1133,6664,4836,2692,8007,3997,1293,1428,386,22615],[22894,42642],[26997,5638,4757,11574,16570],[43481,4589,2588,652,3628,10598]]"
37,1145.9882259368896,"[[45706, 10075, 4008, 1039, 4708], [6959, 58577], [40448, 4872, 3453, 11622, 3412, 1729], [8372, 1194, 52054, 3196, 720]]",1120.2783107757568,"[[45706, 10075, 4008, 1039, 4708], [6959, 58577], [40448, 4872, 3453, 11622, 3412, 1729], [8372, 1194, 52054, 3196, 720]]",-25.709915161132812,2.2434711438779367,"[[45706,10075,4008,1039,4708],[6959,58577],[40448,4872,3453,11622,3412,1729],[8372,1194,52054,3196,720]]"
38,1200.3169059753418,"[[2039, 1899, 4865, 3611, 42919, 10203], [31194, 28864, 2996, 2482], [29613, 1579, 34344], [65536]]",1107.3235988616943,"[[2039, 1899, 4865, 3611, 42919, 10203], [31194, 28864, 2996, 2482], [29613, 1579, 34344], [65536]]",-92.99330711364746,7.747396262663139,"[[2039,1899,4865,3611,42919,10203],[31194,28864,2996,2482],[29613,1579,34344],[65536]]"
39,987.3403072357178,"[[21720, 3794, 4436, 11996, 2102, 1446, 19426, 616], [25233, 22621, 3394, 14288], [56092, 5923, 3385, 136], [11878, 2175, 2030, 649, 3771, 330, 4921, 5132, 4258, 13885, 3481, 5171, 2259, 2621, 2975]]",953.3634662628174,"[[21720, 3794, 4436, 11996, 2102, 1446, 19426, 616], [25233, 22621, 3394, 14288], [56092, 5923, 3385, 136], [11878, 2175, 2030, 649, 3771, 330, 4921, 5132, 4258, 13885, 3481, 5171, 2259, 2621, 2975]]",-33.97684097290039,3.4412492555911376,"[[21720,3794,4436,11996,2102,1446,19426,616],[25233,22621,3394,14288],[56092,5923,3385,136],[11878,2175,2030,649,3771,330,4921,5132,4258,13885,3481,5171,2259,2621,2975]]"
40,947.0771789550781,"[[2649, 31826, 4529, 11273, 2677, 12284, 298], [200, 4146, 5252, 3339, 2728, 88, 745, 3340, 43192, 191, 515, 1800], [4279, 28619, 32638], [13739, 4433, 4432, 1035, 2799, 10797, 4380, 2715, 5116, 4095, 3935, 942, 3396, 3722]]",939.9753570556641,"[[2649, 31826, 4529, 11273, 2677, 12284, 298], [200, 4146, 5252, 3339, 2728, 88, 745, 3340, 43192, 191, 515, 1800], [4279, 28619, 32638], [13739, 4433, 4432, 1035, 2799, 10797, 4380, 2715, 5116, 4095, 3935, 942, 3396, 3722]]",-7.1018218994140625,0.749867281909336,"[[2649,31826,4529,11273,2677,12284,298],[200,4146,5252,3339,2728,88,745,3340,43192,191,515,1800],[4279,28619,32638],[13739,4433,4432,1035,2799,10797,4380,2715,5116,4095,3935,942,3396,3722]]"
41,1183.1801414489746,"[[8955, 1528, 1811, 5303, 23442, 4764, 5507, 2288, 6227, 5711], [65536], [25197, 566, 4775, 34998], [514, 65022]]",1162.4278545379639,"[[8955, 1528, 1811, 5303, 23442, 4764, 5507, 2288, 6227, 5711], [65536], [25197, 566, 4775, 34998], [514, 65022]]",-20.752286911010742,1.7539414484760179,"[[8955,1528,1811,5303,23442,4764,5507,2288,6227,5711],[65536],[25197,566,4775,34998],[514,65022]]"
42,945.8479881286621,"[[27946, 29283, 8307], [3252, 6016, 6005, 1074, 10899, 38290], [38516, 1196, 2031, 4026, 6168, 946, 2028, 4611, 5572, 442], [15871, 4436, 973, 3894, 4145, 144, 3791, 950, 2691, 2133, 5789, 3630, 10069, 7020]]",929.166316986084,"[[27946, 29283, 8307], [3252, 6016, 6005, 1074, 10899, 38290], [38516, 1196, 2031, 4026, 6168, 946, 2028, 4611, 5572, 442], [15871, 4436, 973, 3894, 4145, 144, 3791, 950, 2691, 2133, 5789, 3630, 10069, 7020]]",-16.681671142578125,1.7636735872941294,"[[27946,29283,8307],[3252,6016,6005,1074,10899,38290],[38516,1196,2031,4026,6168,946,2028,4611,5572,442],[15871,4436,973,3894,4145,144,3791,950,2691,2133,5789,3630,10069,7020]]"
43,998.6056327819824,"[[49074, 3865, 4377, 4618, 3602], [451, 6011, 4994, 311, 6036, 5005, 3371, 4352, 6247, 1364, 5331, 3404, 18659], [542, 15830, 49164], [29295, 4698, 1976, 17776, 11791]]",1017.4765110015869,"[[49074, 3865, 4377, 4618, 3602], [451, 6011, 4994, 311, 6036, 5005, 3371, 4352, 6247, 1364, 5331, 3404, 18659], [542, 15830, 49164], [29295, 4698, 1976, 17776, 11791]]",18.870878219604492,-1.8897227894692257,"[[49074,3865,4377,4618,3602],[451,6011,4994,311,6036,5005,3371,4352,6247,1364,5331,3404,18659],[542,15830,49164],[29295,4698,1976,17776,11791]]"
44,1146.3672161102295,"[[3620, 61916], [37173, 297, 2390, 3127, 22549], [5534, 1558, 3574, 4503, 50367], [23779, 973, 39618, 1166]]",1126.8896579742432,"[[3620, 61916], [37173, 297, 2390, 3127, 22549], [5534, 1558, 3574, 4503, 50367], [23779, 973, 39618, 1166]]",-19.477558135986328,1.6990679655055185,"[[3620,61916],[37173,297,2390,3127,22549],[5534,1558,3574,4503,50367],[23779,973,39618,1166]]"
45,1279.004430770874,"[[4793, 60743], [59813, 1159, 4564], [8939, 446, 1108, 7864, 1403, 1781, 17512, 1559, 24924], [65536]]",1222.60422706604,"[[4793, 60743], [59813, 1159, 4564], [8939, 446, 1108, 7864, 1403, 1781, 17512, 1559, 24924], [65536]]",-56.400203704833984,4.409695724888207,"[[4793,60743],[59813,1159,4564],[8939,446,1108,7864,1403,1781,17512,1559,24924],[65536]]"
46,920.8375453948975,"[[12846, 5383, 2340, 44967], [13275, 997, 4825, 3367, 14423, 1007, 4942, 5756, 16944], [6923, 4912, 5637, 48064], [2731, 12129, 4838, 5911, 925, 3562, 1841, 1353, 2728, 4243, 11377, 13898]]",1023.2833862304688,"[[12846, 5383, 2340, 44967], [13275, 997, 4825, 3367, 14423, 1007, 4942, 5756, 16944], [6923, 4912, 5637, 48064], [2731, 12129, 4838, 5911, 925, 3562, 1841, 1353, 2728, 4243, 11377, 13898]]",102.44584083557129,-11.125289292112628,"[[12846,5383,2340,44967],[13275,997,4825,3367,14423,1007,4942,5756,16944],[6923,4912,5637,48064],[2731,12129,4838,5911,925,3562,1841,1353,2728,4243,11377,13898]]"
47,1101.1737823486328,"[[3676, 1710, 4930, 2775, 4274, 5248, 14304, 3601, 5060, 4421, 703, 1244, 13590], [7082, 6087, 11744, 2932, 3061, 780, 5542, 11600, 109, 14398, 2201], [1333, 2057, 3262, 2228, 4410, 4359, 4110, 2246, 5335, 11539, 24657], [64884, 652]]",963.2325649261475,"[[3676, 1710, 4930, 2775, 4274, 5248, 14304, 3601, 5060, 4421, 703, 1244, 13590], [7082, 6087, 11744, 2932, 3061, 780, 5542, 11600, 109, 14398, 2201], [1333, 2057, 3262, 2228, 4410, 4359, 4110, 2246, 5335, 11539, 24657], [64884, 652]]",-137.94121742248535,12.526743701459923,"[[3676,1710,4930,2775,4274,5248,14304,3601,5060,4421,703,1244,13590],[7082,6087,11744,2932,3061,780,5542,11600,109,14398,2201],[1333,2057,3262,2228,4410,4359,4110,2246,5335,11539,24657],[64884,652]]"
48,901.7589569091797,"[[3218, 5633, 181, 318, 2236, 2888, 5074, 3236, 3581, 2668, 5412, 719, 4064, 5640, 1351, 314, 812, 4103, 10099, 3989], [677, 4288, 3969, 4451, 4642, 541, 46968], [4093, 3872, 4952, 17655, 4070, 4218, 1106, 4509, 3811, 4913, 5286, 7051], [10873, 12092, 13328, 1706, 11064, 2951, 4471, 9051]]",870.1401710510254,"[[3218, 5633, 181, 318, 2236, 2888, 5074, 3236, 3581, 2668, 5412, 719, 4064, 5640, 1351, 314, 812, 4103, 10099, 3989], [677, 4288, 3969, 4451, 4642, 541, 46968], [4093, 3872, 4952, 17655, 4070, 4218, 1106, 4509, 3811, 4913, 5286, 7051], [10873, 12092, 13328, 1706, 11064, 2951, 4471, 9051]]",-31.618785858154297,3.506345638808972,"[[3218,5633,181,318,2236,2888,5074,3236,3581,2668,5412,719,4064,5640,1351,314,812,4103,10099,3989],[677,4288,3969,4451,4642,541,46968],[4093,3872,4952,17655,4070,4218,1106,4509,3811,4913,5286,7051],[1 …"
49,1131.4025402069092,"[[9237, 56299], [20570, 1277, 43689], [52904, 5818, 6814], [7025, 2045, 38339, 10501, 5826, 1800]]",1108.8208198547363,"[[9237, 56299], [20570, 1277, 43689], [52904, 5818, 6814], [7025, 2045, 38339, 10501, 5826, 1800]]",-22.58172035217285,1.9959050426069522,"[[9237,56299],[20570,1277,43689],[52904,5818,6814],[7025,2045,38339,10501,5826,1800]]"
50,1136.9781970977783,"[[8320, 2856, 4230, 270, 522, 2917, 1433, 3824, 39308, 1841, 15], [15359, 20761, 1177, 4383, 23856], [3073, 62463], [35949, 1242, 801, 449, 3717, 5701, 17677]]",1054.0526390075684,"[[8320, 2856, 4230, 270, 522, 2917, 1433, 3824, 39308, 1841, 15], [15359, 20761, 1177, 4383, 23856], [3073, 62463], [35949, 1242, 801, 449, 3717, 5701, 17677]]",-82.92555809020996,7.293504686535207,"[[8320,2856,4230,270,522,2917,1433,3824,39308,1841,15],[15359,20761,1177,4383,23856],[3073,62463],[35949,1242,801,449,3717,5701,17677]]"
51,1301.5916347503662,"[[65536], [8781, 56755], [30574, 786, 1500, 2396, 5144, 4405, 405, 10806, 9520], [25992, 2356, 10483, 26705]]",1118.409824371338,"[[65536], [8781, 56755], [30574, 786, 1500, 2396, 5144, 4405, 405, 10806, 9520], [25992, 2356, 10483, 26705]]",-183.18181037902832,14.0736776027422,"[[65536],[8781,56755],[30574,786,1500,2396,5144,4405,405,10806,9520],[25992,2356,10483,26705]]"
52,1082.9124450683594,"[[5449, 2173, 17403, 40511], [11478, 19760, 15378, 4693, 14227], [15578, 5460, 44498], [49332, 16204]]",1012.0577335357666,"[[5449, 2173, 17403, 40511], [11478, 19760, 15378, 4693, 14227], [15578, 5460, 44498], [49332, 16204]]",-70.85471153259277,6.542976937357113,"[[5449,2173,17403,40511],[11478,19760,15378,4693,14227],[15578,5460,44498],[49332,16204]]"
53,1078.5870552062988,"[[48017, 10289, 6202, 1028], [1575, 4478, 5511, 3975, 5097, 44900], [59205, 2444, 3887], [90, 105, 18087, 29189, 1309, 4567, 12189]]",1087.554407119751,"[[48017, 10289, 6202, 1028], [1575, 4478, 5511, 3975, 5097, 44900], [59205, 2444, 3887], [90, 105, 18087, 29189, 1309, 4567, 12189]]",8.967351913452148,-0.8313980656607254,"[[48017,10289,6202,1028],[1575,4478,5511,3975,5097,44900],[59205,2444,3887],[90,105,18087,29189,1309,4567,12189]]"
54,1104.2517185211182,"[[3766, 430, 617, 1664, 55654, 3405], [8056, 906, 3478, 5437, 2553, 892, 4431, 25825, 1166, 12792], [65536], [22289, 4828, 5437, 2918, 3857, 4661, 6107, 15439]]",1089.101791381836,"[[3766, 430, 617, 1664, 55654, 3405], [8056, 906, 3478, 5437, 2553, 892, 4431, 25825, 1166, 12792], [65536], [22289, 4828, 5437, 2918, 3857, 4661, 6107, 15439]]",-15.149927139282227,1.3719631932809613,"[[3766,430,617,1664,55654,3405],[8056,906,3478,5437,2553,892,4431,25825,1166,12792],[65536],[22289,4828,5437,2918,3857,4661,6107,15439]]"
55,1187.5994682312012,"[[65536], [882, 5878, 12092, 323, 6220, 4232, 3946, 5022, 4430, 780, 1510, 20221], [65536], [35360, 3978, 26198]]",1164.7769451141357,"[[65536], [882, 5878, 12092, 323, 6220, 4232, 3946, 5022, 4430, 780, 1510, 20221], [65536], [35360, 3978, 26198]]",-22.82252311706543,1.9217357137299047,"[[65536],[882,5878,12092,323,6220,4232,3946,5022,4430,780,1510,20221],[65536],[35360,3978,26198]]"
56,1006.9328784942627,"[[22733, 2315, 5562, 2131, 5638, 842, 4894, 21421], [17999, 5965, 16747, 4733, 3648, 10664, 2027, 3753], [8453, 1567, 5623, 1821, 4253, 23821, 4395, 15603], [54646, 5821, 1314, 966, 1146, 1643]]",935.8868598937988,"[[22733, 2315, 5562, 2131, 5638, 842, 4894, 21421], [17999, 5965, 16747, 4733, 3648, 10664, 2027, 3753], [8453, 1567, 5623, 1821, 4253, 23821, 4395, 15603], [54646, 5821, 1314, 966, 1146, 1643]]",-71.04601860046387,7.055685648749891,"[[22733,2315,5562,2131,5638,842,4894,21421],[17999,5965,16747,4733,3648,10664,2027,3753],[8453,1567,5623,1821,4253,23821,4395,15603],[54646,5821,1314,966,1146,1643]]"
57,1102.0029067993164,"[[4581, 29866, 5955, 4067, 11594, 114, 9359], [2478, 63058], [25083, 5818, 10140, 2072, 22423], [2159, 47091, 1820, 6099, 1558, 3878, 2931]]",1056.7207336425781,"[[4581, 29866, 5955, 4067, 11594, 114, 9359], [2478, 63058], [25083, 5818, 10140, 2072, 22423], [2159, 47091, 1820, 6099, 1558, 3878, 2931]]",-45.28217315673828,4.109079284396527,"[[4581,29866,5955,4067,11594,114,9359],[2478,63058],[25083,5818,10140,2072,22423],[2159,47091,1820,6099,1558,3878,2931]]"
58,1027.8762340545654,"[[33115, 32421], [32326, 24170, 991, 1711, 1324, 5014], [234, 6115, 476, 10554, 896, 1045, 4590, 41626], [46954, 3466, 11854, 3262]]",1027.611780166626,"[[33115, 32421], [32326, 24170, 991, 1711, 1324, 5014], [234, 6115, 476, 10554, 896, 1045, 4590, 41626], [46954, 3466, 11854, 3262]]",-0.2644538879394531,0.025728183917268624,"[[33115,32421],[32326,24170,991,1711,1324,5014],[234,6115,476,10554,896,1045,4590,41626],[46954,3466,11854,3262]]"
59,1141.485071182251,"[[1298, 1874, 5580, 6245, 23222, 14115, 1584, 2485, 9133], [27240, 5941, 31930, 344, 81], [65536], [26189, 14896, 2531, 21920]]",1037.1237754821777,"[[1298, 1874, 5580, 6245, 23222, 14115, 1584, 2485, 9133], [27240, 5941, 31930, 344, 81], [65536], [26189, 14896, 2531, 21920]]",-104.36129570007324,9.14258962598476,"[[1298,1874,5580,6245,23222,14115,1584,2485,9133],[27240,5941,31930,344,81],[65536],[26189,14896,2531,21920]]"
60,1052.863883972168,"[[35394, 3304, 4131, 1752, 2682, 18273], [54106, 5292, 6138], [48678, 16502, 356], [2880, 10543, 659, 5648, 3978, 12152, 29676]]",1043.2950019836426,"[[35394, 3304, 4131, 1752, 2682, 18273], [54106, 5292, 6138], [48678, 16502, 356], [2880, 10543, 659, 5648, 3978, 12152, 29676]]",-9.56888198852539,0.9088432165062601,"[[35394,3304,4131,1752,2682,18273],[54106,5292,6138],[48678,16502,356],[2880,10543,659,5648,3978,12152,29676]]"
61,1130.9379577636719,"[[557, 4981, 757, 4078, 2038, 4935, 323, 2738, 4601, 31748, 439, 4785, 3556], [30063, 3665, 5546, 4333, 888, 21041], [51014, 2838, 3686, 618, 7380], [14461, 51075]]",1033.6405754089355,"[[557, 4981, 757, 4078, 2038, 4935, 323, 2738, 4601, 31748, 439, 4785, 3556], [30063, 3665, 5546, 4333, 888, 21041], [51014, 2838, 3686, 618, 7380], [14461, 51075]]",-97.29738235473633,8.603246684471813,"[[557,4981,757,4078,2038,4935,323,2738,4601,31748,439,4785,3556],[30063,3665,5546,4333,888,21041],[51014,2838,3686,618,7380],[14461,51075]]"
62,1086.343002319336,"[[35303, 21841, 203, 8189], [10266, 4502, 2515, 800, 3306, 5167, 29553, 2534, 1775, 3924, 1194], [2602, 948, 2636, 3774, 4487, 5358, 6122, 1735, 17512, 6236, 4058, 10068], [65536]]",1028.111171722412,"[[35303, 21841, 203, 8189], [10266, 4502, 2515, 800, 3306, 5167, 29553, 2534, 1775, 3924, 1194], [2602, 948, 2636, 3774, 4487, 5358, 6122, 1735, 17512, 6236, 4058, 10068], [65536]]",-58.23183059692383,5.360354001691842,"[[35303,21841,203,8189],[10266,4502,2515,800,3306,5167,29553,2534,1775,3924,1194],[2602,948,2636,3774,4487,5358,6122,1735,17512,6236,4058,10068],[65536]]"
63,1146.6590404510498,"[[12746, 253, 5690, 3601, 5976, 16525, 2829, 2431, 2007, 756, 17, 4292, 3500, 4913], [10591, 5630, 2884, 46431], [65536], [11509, 19159, 4444, 30424]]",1055.45973777771,"[[12746, 253, 5690, 3601, 5976, 16525, 2829, 2431, 2007, 756, 17, 4292, 3500, 4913], [10591, 5630, 2884, 46431], [65536], [11509, 19159, 4444, 30424]]",-91.19930267333984,7.953480455486201,"[[12746,253,5690,3601,5976,16525,2829,2431,2007,756,17,4292,3500,4913],[10591,5630,2884,46431],[65536],[11509,19159,4444,30424]]"
64,1118.1993961334229,"[[16964, 41, 5613, 1543, 530, 40845], [57692, 7844], [3183, 24227, 5454, 4407, 6231, 5949, 6395, 5374, 2956, 1360], [65536]]",1132.9774856567383,"[[16964, 41, 5613, 1543, 530, 40845], [57692, 7844], [3183, 24227, 5454, 4407, 6231, 5949, 6395, 5374, 2956, 1360], [65536]]",14.77808952331543,-1.3215969865853976,"[[16964,41,5613,1543,530,40845],[57692,7844],[3183,24227,5454,4407,6231,5949,6395,5374,2956,1360],[65536]]"
65,1174.743413925171,"[[51994, 13542], [56012, 9524], [2099, 2900, 907, 1558, 563, 22364, 431, 12049, 1882, 20783], [65536]]",1170.6127643585205,"[[51994, 13542], [56012, 9524], [2099, 2900, 907, 1558, 563, 22364, 431, 12049, 1882, 20783], [65536]]",-4.130649566650391,0.35162142793792295,"[[51994,13542],[56012,9524],[2099,2900,907,1558,563,22364,431,12049,1882,20783],[65536]]"
66,876.4094352722168,"[[34185, 4887, 10381, 16083], [27778, 4691, 4180, 2850, 2060, 1367, 10494, 2724, 838, 1338, 7216], [4558, 2274, 1586, 3045, 16360, 56, 59, 5290, 2828, 5989, 1196, 300, 3224, 15508, 3263], [2966, 2407, 2703, 5502, 13326, 11105, 2414, 356, 4606, 20151]]",870.4013824462891,"[[34185, 4887, 10381, 16083], [27778, 4691, 4180, 2850, 2060, 1367, 10494, 2724, 838, 1338, 7216], [4558, 2274, 1586, 3045, 16360, 56, 59, 5290, 2828, 5989, 1196, 300, 3224, 15508, 3263], [2966, 2407, 2703, 5502, 13326, 11105, 2414, 356, 4606, 20151]]",-6.008052825927734,0.6855303678995202,"[[34185,4887,10381,16083],[27778,4691,4180,2850,2060,1367,10494,2724,838,1338,7216],[4558,2274,1586,3045,16360,56,59,5290,2828,5989,1196,300,3224,15508,3263],[2966,2407,2703,5502,13326,11105,2414,356, …"
67,1282.1255683898926,"[[54968, 10568], [65536], [25205, 5541, 4337, 2034, 15686, 2809, 9924], [322, 12089, 3755, 11365, 4810, 4028, 1223, 5567, 3877, 4692, 13808]]",1069.5913791656494,"[[54968, 10568], [65536], [25205, 5541, 4337, 2034, 15686, 2809, 9924], [322, 12089, 3755, 11365, 4810, 4028, 1223, 5567, 3877, 4692, 13808]]",-212.53418922424316,16.57670624969643,"[[54968,10568],[65536],[25205,5541,4337,2034,15686,2809,9924],[322,12089,3755,11365,4810,4028,1223,5567,3877,4692,13808]]"
68,1175.892734527588,"[[65536], [20230, 937, 1442, 585, 5642, 36700], [17876, 12566, 3098, 2503, 392, 29101], [1621, 4436, 59479]]",1152.111005783081,"[[65536], [20230, 937, 1442, 585, 5642, 36700], [17876, 12566, 3098, 2503, 392, 29101], [1621, 4436, 59479]]",-23.781728744506836,2.0224403167233693,"[[65536],[20230,937,1442,585,5642,36700],[17876,12566,3098,2503,392,29101],[1621,4436,59479]]"
69,1247.0176696777344,"[[11235, 28, 4447, 49826], [65536], [3461, 2991, 10414, 12340, 2926, 4634, 1995, 1790, 1001, 5265, 4811, 13908], [65536]]",1188.2349491119385,"[[11235, 28, 4447, 49826], [65536], [3461, 2991, 10414, 12340, 2926, 4634, 1995, 1790, 1001, 5265, 4811, 13908], [65536]]",-58.7827205657959,4.713864285578813,"[[11235,28,4447,49826],[65536],[3461,2991,10414,12340,2926,4634,1995,1790,1001,5265,4811,13908],[65536]]"
70,1101.2127876281738,"[[13801, 5235, 1830, 4205, 3708, 2975, 4031, 4916, 2206, 22629], [65536], [32308, 4572, 4344, 470, 874, 16686, 81, 6201], [5730, 3178, 3397, 24776, 1612, 24976, 1867]]",1026.5929698944092,"[[13801, 5235, 1830, 4205, 3708, 2975, 4031, 4916, 2206, 22629], [65536], [32308, 4572, 4344, 470, 874, 16686, 81, 6201], [5730, 3178, 3397, 24776, 1612, 24976, 1867]]",-74.61981773376465,6.776148858067941,"[[13801,5235,1830,4205,3708,2975,4031,4916,2206,22629],[65536],[32308,4572,4344,470,874,16686,81,6201],[5730,3178,3397,24776,1612,24976,1867]]"
71,993.4235095977783,"[[2207, 15031, 18022, 5094, 3437, 1377, 6223, 5058, 2584, 6503], [55278, 523, 1364, 554, 7817], [5009, 3204, 10109, 1598, 14722, 28359, 2535], [8151, 2320, 2281, 4529, 22664, 25591]]",957.3699474334717,"[[2207, 15031, 18022, 5094, 3437, 1377, 6223, 5058, 2584, 6503], [55278, 523, 1364, 554, 7817], [5009, 3204, 10109, 1598, 14722, 28359, 2535], [8151, 2320, 2281, 4529, 22664, 25591]]",-36.05356216430664,3.6292237717329803,"[[2207,15031,18022,5094,3437,1377,6223,5058,2584,6503],[55278,523,1364,554,7817],[5009,3204,10109,1598,14722,28359,2535],[8151,2320,2281,4529,22664,25591]]"
72,1048.1629371643066,"[[9934, 2481, 6078, 793, 279, 572, 6228, 1554, 37617], [45730, 14142, 2474, 3190], [3044, 62492], [11388, 4932, 3085, 380, 1269, 3439, 773, 5587, 2117, 2294, 6076, 4522, 367, 2698, 1015, 3119, 727, 11748]]",1053.816032409668,"[[9934, 2481, 6078, 793, 279, 572, 6228, 1554, 37617], [45730, 14142, 2474, 3190], [3044, 62492], [11388, 4932, 3085, 380, 1269, 3439, 773, 5587, 2117, 2294, 6076, 4522, 367, 2698, 1015, 3119, 727, 11748]]",5.653095245361328,-0.5393336326750091,"[[9934,2481,6078,793,279,572,6228,1554,37617],[45730,14142,2474,3190],[3044,62492],[11388,4932,3085,380,1269,3439,773,5587,2117,2294,6076,4522,367,2698,1015,3119,727,11748]]"
73,1215.2289390563965,"[[65536], [45240, 1355, 5009, 13932], [2637, 12666, 25207, 25026], [60383, 2600, 1186, 1367]]",1171.9132900238037,"[[65536], [45240, 1355, 5009, 13932], [2637, 12666, 25207, 25026], [60383, 2600, 1186, 1367]]",-43.31564903259277,3.564402364070313,"[[65536],[45240,1355,5009,13932],[2637,12666,25207,25026],[60383,2600,1186,1367]]"
74,1221.6893672943115,"[[4276, 2430, 2752, 771, 4383, 50924], [46821, 13090, 5625], [42020, 23516], [65536]]",1172.9413986206055,"[[4276, 2430, 2752, 771, 4383, 50924], [46821, 13090, 5625], [42020, 23516], [65536]]",-48.747968673706055,3.9902097848055025,"[[4276,2430,2752,771,4383,50924],[46821,13090,5625],[42020,23516],[65536]]"
75,1175.9592533111572,"[[18385, 9715, 18352, 5979, 4838, 5067, 3200], [65536], [6432, 792, 54576, 574, 3162], [409, 53988, 2049, 672, 6098, 2320]]",1159.8603248596191,"[[18385, 9715, 18352, 5979, 4838, 5067, 3200], [65536], [6432, 792, 54576, 574, 3162], [409, 53988, 2049, 672, 6098, 2320]]",-16.098928451538086,1.369003934975486,"[[18385,9715,18352,5979,4838,5067,3200],[65536],[6432,792,54576,574,3162],[409,53988,2049,672,6098,2320]]"
76,1267.8580284118652,"[[350, 37825, 1248, 26113], [18168, 4439, 830, 547, 4478, 5228, 768, 29023, 2055], [7033, 5969, 52534], [65536]]",1126.6329765319824,"[[350, 37825, 1248, 26113], [18168, 4439, 830, 547, 4478, 5228, 768, 29023, 2055], [7033, 5969, 52534], [65536]]",-141.2250518798828,11.138869551252759,"[[350,37825,1248,26113],[18168,4439,830,547,4478,5228,768,29023,2055],[7033,5969,52534],[65536]]"
77,1053.835916519165,"[[2119, 10963, 35160, 4558, 12736], [6135, 2889, 18062, 190, 38260], [54870, 4934, 1839, 3893], [13529, 34279, 3544, 14184]]",1017.8184986114502,"[[2119, 10963, 35160, 4558, 12736], [6135, 2889, 18062, 190, 38260], [54870, 4934, 1839, 3893], [13529, 34279, 3544, 14184]]",-36.017417907714844,3.4177443891531887,"[[2119,10963,35160,4558,12736],[6135,2889,18062,190,38260],[54870,4934,1839,3893],[13529,34279,3544,14184]]"
78,1163.6040687561035,"[[1467, 5519, 5300, 21619, 178, 11815, 4096, 2871, 12671], [65536], [5576, 3352, 5475, 11055, 3641, 36437], [65536]]",1155.7275772094727,"[[1467, 5519, 5300, 21619, 178, 11815, 4096, 2871, 12671], [65536], [5576, 3352, 5475, 11055, 3641, 36437], [65536]]",-7.876491546630859,0.6769047787062874,"[[1467,5519,5300,21619,178,11815,4096,2871,12671],[65536],[5576,3352,5475,11055,3641,36437],[65536]]"
79,1090.9922122955322,"[[17330, 4672, 2201, 5140, 2580, 2578, 5568, 1374, 289, 1012, 4933, 3002, 14857], [64206, 1330], [211, 2624, 137, 2112, 60452], [6175, 34054, 1328, 5386, 3890, 11852, 2851]]",1113.3620738983154,"[[17330, 4672, 2201, 5140, 2580, 2578, 5568, 1374, 289, 1012, 4933, 3002, 14857], [64206, 1330], [211, 2624, 137, 2112, 60452], [6175, 34054, 1328, 5386, 3890, 11852, 2851]]",22.369861602783203,-2.0504144164068117,"[[17330,4672,2201,5140,2580,2578,5568,1374,289,1012,4933,3002,14857],[64206,1330],[211,2624,137,2112,60452],[6175,34054,1328,5386,3890,11852,2851]]"
80,1139.9070262908936,"[[3120, 168, 3784, 1267, 5810, 482, 649, 37027, 3847, 9382], [1486, 54278, 9772], [65536], [23802, 4913, 1628, 26907, 3181, 2928, 2177]]",1120.6738471984863,"[[3120, 168, 3784, 1267, 5810, 482, 649, 37027, 3847, 9382], [1486, 54278, 9772], [65536], [23802, 4913, 1628, 26907, 3181, 2928, 2177]]",-19.233179092407227,1.687258578885108,"[[3120,168,3784,1267,5810,482,649,37027,3847,9382],[1486,54278,9772],[65536],[23802,4913,1628,26907,3181,2928,2177]]"
81,1318.6841011047363,"[[399, 2414, 1241, 5964, 2082, 2604, 50832], [65536], [6650, 58886], [65349, 187]]",1300.1914024353027,"[[399, 2414, 1241, 5964, 2082, 2604, 50832], [65536], [6650, 58886], [65349, 187]]",-18.492698669433594,1.4023600234461926,"[[399,2414,1241,5964,2082,2604,50832],[65536],[6650,58886],[65349,187]]"
82,909.3926429748535,"[[9949, 4948, 5674, 10908, 4336, 19650, 1254, 1135, 7682], [4558, 13972, 3070, 43936], [37632, 1044, 25970, 890], [903, 2477, 12388, 1625, 6020, 1969, 5913, 4677, 12458, 5170, 2783, 1608, 1511, 6034]]",930.5566787719727,"[[9949, 4948, 5674, 10908, 4336, 19650, 1254, 1135, 7682], [4558, 13972, 3070, 43936], [37632, 1044, 25970, 890], [903, 2477, 12388, 1625, 6020, 1969, 5913, 4677, 12458, 5170, 2783, 1608, 1511, 6034]]",21.16403579711914,-2.327271499347765,"[[9949,4948,5674,10908,4336,19650,1254,1135,7682],[4558,13972,3070,43936],[37632,1044,25970,890],[903,2477,12388,1625,6020,1969,5913,4677,12458,5170,2783,1608,1511,6034]]"
83,1227.8618335723877,"[[4805, 186, 60545], [18324, 47212], [65536], [6312, 669, 1709, 3859, 5454, 47533]]",1226.6159057617188,"[[4805, 186, 60545], [18324, 47212], [65536], [6312, 669, 1709, 3859, 5454, 47533]]",-1.2459278106689453,0.10147133631835399,"[[4805,186,60545],[18324,47212],[65536],[6312,669,1709,3859,5454,47533]]"
84,1034.7119331359863,"[[1058, 11272, 753, 1276, 494, 5736, 44947], [6782, 1531, 5954, 15250, 4309, 31710], [11209, 1424, 4019, 223, 16199, 1317, 16992, 14153], [7572, 57964]]",1022.0093727111816,"[[1058, 11272, 753, 1276, 494, 5736, 44947], [6782, 1531, 5954, 15250, 4309, 31710], [11209, 1424, 4019, 223, 16199, 1317, 16992, 14153], [7572, 57964]]",-12.702560424804688,1.2276422082333578,"[[1058,11272,753,1276,494,5736,44947],[6782,1531,5954,15250,4309,31710],[11209,1424,4019,223,16199,1317,16992,14153],[7572,57964]]"
85,1360.2770328521729,"[[63508, 2028], [65406, 130], [65536], [36819, 3940, 24777]]",1290.1315689086914,"[[63508, 2028], [65406, 130], [65536], [36819, 3940, 24777]]",-70.14546394348145,5.156704277834003,"[[63508,2028],[65406,130],[65536],[36819,3940,24777]]"
86,1091.438913345337,"[[31432, 2198, 14758, 4856, 12292], [60248, 4964, 324], [11565, 949, 12101, 4227, 3926, 5072, 27696], [13204, 3505, 791, 13688, 34348]]",1011.6679191589355,"[[31432, 2198, 14758, 4856, 12292], [60248, 4964, 324], [11565, 949, 12101, 4227, 3926, 5072, 27696], [13204, 3505, 791, 13688, 34348]]",-79.77099418640137,7.3087914688599165,"[[31432,2198,14758,4856,12292],[60248,4964,324],[11565,949,12101,4227,3926,5072,27696],[13204,3505,791,13688,34348]]"
87,1161.741018295288,"[[62196, 3340], [40578, 4338, 20620], [7000, 803, 1129, 12409, 3624, 466, 40105], [50576, 2482, 5827, 5609, 1042]]",1125.8436679840088,"[[62196, 3340], [40578, 4338, 20620], [7000, 803, 1129, 12409, 3624, 466, 40105], [50576, 2482, 5827, 5609, 1042]]",-35.8973503112793,3.0899615100062694,"[[62196,3340],[40578,4338,20620],[7000,803,1129,12409,3624,466,40105],[50576,2482,5827,5609,1042]]"
88,989.019775390625,"[[20025, 45511], [6054, 4485, 18071, 31556, 1961, 3409], [28001, 1450, 36085], [26305, 4260, 1482, 1304, 10115, 3799, 4181, 2377, 4381, 7332]]",983.4285259246826,"[[20025, 45511], [6054, 4485, 18071, 31556, 1961, 3409], [28001, 1450, 36085], [26305, 4260, 1482, 1304, 10115, 3799, 4181, 2377, 4381, 7332]]",-5.591249465942383,0.5653324235841546,"[[20025,45511],[6054,4485,18071,31556,1961,3409],[28001,1450,36085],[26305,4260,1482,1304,10115,3799,4181,2377,4381,7332]]"
89,1268.457841873169,"[[65536], [8243, 4175, 53118], [12121, 6051, 2278, 4138, 10961, 1020, 24918, 3335, 714], [2070, 1260, 4778, 3041, 93, 1368, 29376, 23550]]",1092.7228927612305,"[[65536], [8243, 4175, 53118], [12121, 6051, 2278, 4138, 10961, 1020, 24918, 3335, 714], [2070, 1260, 4778, 3041, 93, 1368, 29376, 23550]]",-175.73494911193848,13.854220716742585,"[[65536],[8243,4175,53118],[12121,6051,2278,4138,10961,1020,24918,3335,714],[2070,1260,4778,3041,93,1368,29376,23550]]"
90,1222.303295135498,"[[22198, 43338], [12430, 2013, 3842, 4556, 12212, 2877, 1273, 26333], [42908, 237, 22391], [65536]]",1110.2139949798584,"[[22198, 43338], [12430, 2013, 3842, 4556, 12212, 2877, 1273, 26333], [42908, 237, 22391], [65536]]",-112.08930015563965,9.170334449864509,"[[22198,43338],[12430,2013,3842,4556,12212,2877,1273,26333],[42908,237,22391],[65536]]"
91,1087.200117111206,"[[31295, 993, 4106, 1628, 1415, 2409, 11330, 3913, 3109, 5338], [674, 10280, 3506, 10877, 4457, 35742], [577, 4631, 60328], [1918, 11746, 10436, 3931, 77, 5349, 32079]]",1015.700101852417,"[[31295, 993, 4106, 1628, 1415, 2409, 11330, 3913, 3109, 5338], [674, 10280, 3506, 10877, 4457, 35742], [577, 4631, 60328], [1918, 11746, 10436, 3931, 77, 5349, 32079]]",-71.50001525878906,6.57652755306644,"[[31295,993,4106,1628,1415,2409,11330,3913,3109,5338],[674,10280,3506,10877,4457,35742],[577,4631,60328],[1918,11746,10436,3931,77,5349,32079]]"
92,1248.4051704406738,"[[60198, 5338], [9722, 15060, 19854, 12201, 6052, 2647], [53562, 5355, 3377, 3242], [1454, 1011, 63071]]",1166.1566734313965,"[[60198, 5338], [9722, 15060, 19854, 12201, 6052, 2647], [53562, 5355, 3377, 3242], [1454, 1011, 63071]]",-82.24849700927734,6.588285514729525,"[[60198,5338],[9722,15060,19854,12201,6052,2647],[53562,5355,3377,3242],[1454,1011,63071]]"
93,1331.6067695617676,"[[60481, 5055], [65536], [52798, 4237, 5384, 1093, 2024], [2080, 2969, 1494, 14439, 4720, 12020, 553, 45, 23646, 3570]]",1181.3947677612305,"[[60481, 5055], [65536], [52798, 4237, 5384, 1093, 2024], [2080, 2969, 1494, 14439, 4720, 12020, 553, 45, 23646, 3570]]",-150.2120018005371,11.280507521749229,"[[60481,5055],[65536],[52798,4237,5384,1093,2024],[2080,2969,1494,14439,4720,12020,553,45,23646,3570]]"
94,1148.6721992492676,"[[23575, 25207, 561, 16193], [17861, 35933, 5552, 1868, 4322], [610, 10373, 3202, 4238, 47113], [56841, 1006, 241, 7448]]",1051.6696453094482,"[[23575, 25207, 561, 16193], [17861, 35933, 5552, 1868, 4322], [610, 10373, 3202, 4238, 47113], [56841, 1006, 241, 7448]]",-97.00255393981934,8.44475508358406,"[[23575,25207,561,16193],[17861,35933,5552,1868,4322],[610,10373,3202,4238,47113],[56841,1006,241,7448]]"
95,938.886308670044,"[[13898, 2116, 6119, 932, 4960, 1023, 36488], [13156, 2064, 4507, 15800, 4893, 1581, 10806, 3524, 9205], [45264, 15546, 4726], [1464, 2939, 10408, 3499, 12485, 11384, 23357]]",927.957010269165,"[[13898, 2116, 6119, 932, 4960, 1023, 36488], [13156, 2064, 4507, 15800, 4893, 1581, 10806, 3524, 9205], [45264, 15546, 4726], [1464, 2939, 10408, 3499, 12485, 11384, 23357]]",-10.929298400878906,1.1640704843550793,"[[13898,2116,6119,932,4960,1023,36488],[13156,2064,4507,15800,4893,1581,10806,3524,9205],[45264,15546,4726],[1464,2939,10408,3499,12485,11384,23357]]"
96,1151.6676902770996,"[[34803, 4271, 12184, 2672, 3807, 7799], [65536], [20017, 4168, 919, 26588, 1148, 4222, 6105, 2369], [3221, 3068, 5464, 4610, 5520, 43653]]",1068.9208030700684,"[[34803, 4271, 12184, 2672, 3807, 7799], [65536], [20017, 4168, 919, 26588, 1148, 4222, 6105, 2369], [3221, 3068, 5464, 4610, 5520, 43653]]",-82.74688720703125,7.184962112388665,"[[34803,4271,12184,2672,3807,7799],[65536],[20017,4168,919,26588,1148,4222,6105,2369],[3221,3068,5464,4610,5520,43653]]"
97,1132.6599597930908,"[[4938, 10080, 10998, 6045, 1114, 2875, 4128, 3071, 22287], [50503, 15033], [65536], [27534, 11559, 1623, 4376, 991, 2648, 16805]]",1076.2426853179932,"[[4938, 10080, 10998, 6045, 1114, 2875, 4128, 3071, 22287], [50503, 15033], [65536], [27534, 11559, 1623, 4376, 991, 2648, 16805]]",-56.417274475097656,4.9809542561567826,"[[4938,10080,10998,6045,1114,2875,4128,3071,22287],[50503,15033],[65536],[27534,11559,1623,4376,991,2648,16805]]"
98,1197.575283050537,"[[19009, 12497, 702, 11474, 4595, 5757, 2207, 3028, 5241, 1026], [12628, 52908], [41338, 6068, 15008, 796, 2326], [65536]]",1112.4071598052979,"[[19009, 12497, 702, 11474, 4595, 5757, 2207, 3028, 5241, 1026], [12628, 52908], [41338, 6068, 15008, 796, 2326], [65536]]",-85.16812324523926,7.111713514017574,"[[19009,12497,702,11474,4595,5757,2207,3028,5241,1026],[12628,52908],[41338,6068,15008,796,2326],[65536]]"
99,1090.2051448822021,"[[3289, 608, 61639], [22473, 780, 440, 3759, 10362, 2506, 25216], [57744, 3791, 1713, 259, 2029], [662, 5743, 13090, 21694, 4468, 19879]]",1093.4572219848633,"[[3289, 608, 61639], [22473, 780, 440, 3759, 10362, 2506, 25216], [57744, 3791, 1713, 259, 2029], [662, 5743, 13090, 21694, 4468, 19879]]",3.252077102661133,-0.29829955563202953,"[[3289,608,61639],[22473,780,440,3759,10362,2506,25216],[57744,3791,1713,259,2029],[662,5743,13090,21694,4468,19879]]"
